X1,X2,X3,error,Y
-0.5319316639369682,-0.36057006242724504,-0.8272114380169298,-2.2738746053688423,-3.9935877697499853
0.6684203197062271,-1.525611211081671,0.23782671404870745,0.2794712997510219,-0.3398928775757146
-0.3613999745202443,-1.1223012662096203,-1.9175656055225923,-0.8651306332372454,-4.266397479489703
-1.787885086574304,0.5741540228824555,0.016721103751156992,-0.4091219757633168,-1.606131935704008
0.23972712836630478,-0.5420425075479464,1.2133098095268784,0.8983195753352731,1.80931400568051
0.7947564462378829,-1.1302650418753786,-0.530051518060618,1.5689557697877863,0.7033956560896724
-0.8935049489445358,0.7683794193829251,-0.4090536269015743,-0.35090550188701775,-0.8850846583502029
0.02062925333548544,-0.2502000158095391,-1.5973226536382443,-0.2994157823787372,-2.126309198491035
0.8581810651980115,1.4476233084984065,-0.23157284602991368,-1.5292928691346754,0.5449386585318289
-0.1508464285909734,-0.3263232213972364,-0.29087214864265365,1.0017550805220408,0.23371328189117724
0.5038802947859975,1.859576873464124,0.5257498332041328,1.5471409508950054,4.4363479523492595
0.2995621518515334,-0.18148595678101945,-0.5887259634458812,-1.08237102634499,-1.5530207947203571
-0.4600211251323817,0.6122537889886085,1.1178231249505215,0.2028184624635172,1.4728742512702655
-2.331994119908537,1.049265625405332,-0.6085490359946368,-0.2935697511514551,-2.184847281649297
-1.2770574895261773,0.21870933860499,-1.9909784086067845,0.43045479530905584,-2.618871764218916
1.1864698274194614,1.2175789326082531,1.3816752429496026,-1.1343409185141182,2.651383084463199
-0.8386941686615209,0.02889062830763097,-0.765943401360822,0.8766415583197689,-0.699105383394943
-0.5152952824234237,0.4445111347016718,-0.43510471565055053,0.5218500821622186,0.015961218789916187
-0.11533983659631186,-0.38531719569294837,0.9515116912773447,0.31520108559110904,0.7660557445791936
0.7421841857884959,0.6148304099097995,-0.28652030731413514,0.7497057648459357,1.820200053230096
-1.4445369763351712,-0.29477805735538903,0.6710746411983158,0.019829421183435524,-1.048410971308809
0.3573790626458519,0.8348896356663759,-0.2029176424877561,-1.1057391201952096,-0.11638806437073787
-0.9572521097785026,-1.5943915837108023,0.24853237416222904,-0.92183643635129,-3.2249477556783654
1.2742861232408713,-0.5985130997623846,1.9642759430437964,0.7872958704465939,3.427344836968877
1.9178521419299277,-0.8264802467114695,0.07363510100726005,0.6733374373638694,1.8383444335895873
-1.0803067332150789,-0.02230881307987354,2.323354250283236,0.6823674120703151,1.903106116058599
-0.7234008807169241,-0.17258985934742993,-0.09332273983127956,1.613308546221098,0.6239950663254644
-0.09511214695864245,1.6915390946916355,0.879509605435902,1.6344069054423904,4.110343458611285
-0.6349542221016219,0.7650937430134109,-1.716334253472743,-0.45570529895620354,-2.0419000315171574
-1.0086615915309303,2.220779990627104,0.9689609432567589,-0.6733407592323967,1.507738583120536
0.5969873137742241,0.5168083892555042,1.8750974127838944,-0.533553091737719,2.4553400240759036
-1.265860820936824,1.883224613591854,-1.0768699873888012,-1.3770610120274578,-1.836567206761229
-1.3279244991217776,0.37843997348700276,1.021512669300331,-0.6044075321195603,-0.5323793884540042
-0.6246907457389309,-0.05121133341298912,2.165169124276561,0.787065826754531,2.276332871879172
0.43364873722718816,-0.543426308317722,-0.9522241636306031,2.061282264815492,0.9992805300943549
-0.19087020161423152,-0.3148855261396847,0.40977943447549675,1.1280439457825004,1.032067652504081
-0.33528045539793355,0.9178304922797689,-0.7157140605960036,1.0219694091552387,0.8888053854410704
-0.6137639953077968,-0.3820444846523868,1.088764197736486,-1.0684169314237817,-0.9754612136474792
-0.6590138561735445,-1.5134150628163452,0.8208387845553412,-0.6506518316847528,-2.002241966119301
-1.8607906515787274,-1.5875945300176308,0.726671282072672,-1.467990268474078,-4.189704167997764
-0.47586259267221276,0.6720781915836346,-2.1251643891206737,-1.576044416678123,-3.5049932068873746
0.7849141786936505,1.7840180783909079,0.6862939732532045,1.1060549728884086,4.361281203226171
1.078654577054591,-0.0700294729505937,-1.033325479808008,0.9647434096506118,0.9400430339466008
-0.1175087691983528,-0.7208925780854741,-0.8643790985491728,-0.6454206904836908,-2.348201136316691
-0.5186397531812591,-0.3142872152588162,-0.9879298311008833,0.24068387613848613,-1.5801729234024724
-0.43012991823027924,0.5439624687694724,0.7085204723918667,0.12434310172524543,0.9466961246563053
1.131658173239434,0.6346636809543816,0.9031670937484336,-1.5732854954777897,1.0962034524644595
0.8119608784953576,-0.26347739562985273,-1.5364877085074344,-1.7345808851592948,-2.7225851108012247
1.1954273469948073,-0.3952734771618172,-1.724972096717175,-1.5947053633161163,-2.5195235902003015
-0.2419821967338253,-0.3244355805104179,1.340904588371749,0.8067707057283092,1.581257516855815
0.6958622324836482,0.587567934975525,-2.019905908017481,-0.07143391558958483,-0.8079096561478925
0.13755889962123852,0.3138787035215673,-1.0885289903967306,-0.20832754934287612,-0.8454189365968008
-1.2742894449412134,-2.6385315032064853,-1.8025811658765905,-0.77470505675313,-6.490107170777419
0.29687836983163374,1.712838839134444,-0.09190973241846136,-0.2861398659695462,1.63166761057807
-0.9391729050412588,1.0415467088035846,-2.0616816472237343,1.4757615112442435,-0.4835463322171649
-0.3441881144269333,-0.7358862221954541,-1.51914529993626,-1.0659951120153028,-3.66521474857395
0.617128405108309,0.9396831515091372,1.4778283848022804,-1.3661103050884407,1.6685296363312858
-0.26874052136638704,-1.0764755071473846,-1.2708458919212815,-0.5566776466345367,-3.1727395670695895
-1.0039437200319463,-1.1071957847095661,-0.23208442004373653,-0.5647591333798797,-2.907983058165129
-1.3018399528449849,-0.9731186911920657,0.9459390704791207,0.48748156225416645,-0.8415380113037635
0.07189522732412187,0.10375644863872888,-0.395691722354645,-1.1741465000261802,-1.3941865464179743
-1.3010657698089216,0.07231186442553383,0.3328322338782001,0.4999988828560132,-0.3959227886491746
-3.509385643586726,0.5587618878855148,-0.045400284276991484,-0.003962014300757707,-2.9999860542789603
0.04660154697363889,2.3748718453981756,-0.6090607969781914,-0.08865769527624137,1.723754900117382
0.17704359498826142,-1.1132625412630681,1.7435649514504719,-1.9574378022004417,-1.1500917970247766
-1.5381400331368442,-1.1586118750516536,0.07708677089060101,1.1624687168675132,-1.4571964204303836
0.1942795590532637,0.04717455905796711,-1.5280909312857465,-0.03146027222050234,-1.318097085395018
-1.014090154143061,-1.5677707420367653,0.3310686850481051,-0.23254420256383596,-2.483336413695557
0.3621083930634052,0.8539777753895509,0.2521162274889026,-0.513809384935312,0.9543930110065466
0.14882524184435544,1.48482274917715,2.4610999674462595,-0.2509812473529823,3.8437667111147826
0.9037614724056208,-0.38273964825424767,0.376834624495612,1.0277735160712278,1.925629964718213
0.6115855290527207,-0.4390299139879237,-0.3395494098418021,1.6985396058188855,1.5315458110418803
0.7492181900138469,0.7222711703193052,0.30070289217943047,2.0188044234816256,3.7909966759942084
-0.0510552990196547,-0.1264412701431306,0.4009556074402518,-0.5278153869229734,-0.30435634864550676
1.3842610200348537,1.3894748230963638,-2.371193029246648,-0.9557412583452857,-0.5531984444607163
0.8327088538558931,0.8287505823897516,-1.9841299411806301,0.4035597804470381,0.08088927551205272
-0.43381496142036413,0.4095051381358837,1.4191589140802485,0.710842778386086,2.105691869181854
1.4903264277292296,1.4354257627160216,-0.5625477704845729,0.13020006673282267,2.493404486693501
-0.3280298856825059,0.061888267121217096,1.1359884979119865,-1.9631731305725526,-1.0933262512218547
0.2558849137243054,0.18760077781538825,0.0738766799210787,-0.23477190294758277,0.2825904685131896
-0.6594469572637145,0.765708457330547,0.3430785182132187,1.4369762675553743,1.8863162858354257
-0.11522057663579494,0.9151116693740204,-0.18116008525513952,0.7478951657669058,1.3666261732499918
0.8749068065824591,-1.3381709993985285,1.1933367407948656,0.5061045905572423,1.2361771385360387
0.9791250516669442,-0.4287963098696817,0.486341126084337,-0.3681578641410054,0.668512003740594
-0.2619876925141521,0.9092900648079986,-1.3357197068621132,0.10154446848532428,-0.5868728660829424
0.6976036671321689,-1.5812708388209717,0.46073308026780624,0.4955362247306636,0.07260213330966692
0.3590272589015266,-1.5962534595452298,-0.0849101396666406,0.923663120679626,-0.3984732196307178
-0.8435706350230517,0.24022462875154468,-0.49346278621688594,1.4290716243032107,0.3322628318148177
-0.13967797945934302,-0.5893037229540169,1.1482727913537711,-0.17227755626555677,0.24701353267485449
0.8928561316189645,0.5411763777161627,-1.0260104473356078,0.47243551944565204,0.8804575814451714
-2.5508158333015594,1.5282419495947033,-0.16533664917460314,-0.7496471733225575,-1.9375577062040168
-0.31578997023994027,0.0746564655134892,-0.8124345608843775,-1.116570988682207,-2.1701390542930357
0.40901090045222827,-0.26964472738113093,1.491852291650244,-1.0765611189162447,0.5546573458050965
0.49838213501427003,-0.1054198669880803,-2.973379722153312,-0.8294979981010263,-3.4099154522281485
-0.6556370472274955,-1.3162983546904568,0.5645012600581447,-0.3073275309516722,-1.7147616728114796
1.129972920585048,1.3568603763288922,-0.4414154027651466,-0.9045849966341095,1.140832897514684
0.7525676750882452,0.2804156281865593,-0.10260708402285325,0.21204538193020597,1.1424216011821573
1.892398536525237,0.49147412024443243,-0.79597291650187,-0.36193901042497395,1.2259607298428254
0.009841741784476148,-0.8358592941600539,0.09060610112911101,-1.8979334195904587,-2.6333448708369254
0.14401089440722423,0.5816256677497397,-1.3270727787020482,-0.25167330990444675,-0.8531095264495311
0.9799751996832397,0.043732715702375455,0.6391455124739394,0.6194560586538325,2.282309486513387
-0.5233682033721748,-0.5326711303916365,1.1680029274783705,-1.5833341833652905,-1.4713705896507316
-1.148392396848324,0.3119611254200872,0.1541783746539021,0.8199235680854082,0.13767067131107347
0.1128022860830207,0.3043662040513235,0.05234041839673329,-1.221902011731534,-0.7523931032004565
0.7583212159869138,1.7645090489849924,0.3043340874162694,0.024407384359807903,2.8515717367479834
0.5778318230696733,-0.14945216026734173,-0.9218375442455903,0.8189784219423013,0.32552054049904255
1.4395010254970546,0.630880233084504,0.6709276301427459,-0.4052781591505131,2.3360307295737917
-1.5171494795356377,-0.8172253062342482,0.7050216174040066,0.8955427363223661,-0.7338104320435132
-0.8547493877974138,-1.181860596048249,-0.7569173087501057,-0.09558060800014273,-2.8891079005959113
-0.1078716154097655,-0.5435730078523736,1.3351808045098386,2.5285975287176186,3.2123337099653178
0.05462804117268842,0.06295205248640474,-1.3536586534598125,-0.8892230158427082,-2.1253015756434275
-0.5429274347622219,0.669299138009371,-0.30548094784094837,-1.2520636468047173,-1.4311728913985167
-1.5116695718901654,0.21687516330266118,0.9508904485453437,1.0467447750799939,0.7028408150378334
0.8227489373098169,-0.06164562810874039,-0.10527179603030772,0.4087859837426278,1.0646174969133966
-1.4093449015289263,0.996513937353874,-0.8609601856194968,-2.12718648478089,-3.4009776345754394
1.1089965042819057,-0.3454404699871663,1.6757306555233316,1.1319282727541047,3.5712149625721756
-2.8858735889634115,-0.9545275776728236,0.11591418184619938,1.799846991257573,-1.9246399935324627
-0.6081133891233281,-1.9290545007436515,-0.5461965973369529,-0.7065619970848692,-3.789926484288802
-0.7616979161740123,0.8688984902588933,-0.21033426033537225,-0.08733322941138169,-0.19046691566187288
0.9766545738089173,1.5674692681979052,-1.332941263039854,-0.7900398444432365,0.42114273452373197
0.284109169481883,-1.8575064588608536,-0.6709891854268158,-0.22383780776811898,-2.4682242825739054
0.6527164406107578,0.6275535487425212,0.09452831187158725,-0.03761170786175959,1.3371865933631066
-0.8554903274239071,1.211261245072347,0.42973236082523064,-0.14375050329825206,0.6417527751754184
-0.6444008531287053,0.01902793412940936,0.8163089721791111,-0.9201965489877436,-0.7292604958079286
1.1262448330436772,-0.010917650759354261,0.1706128831514094,-0.24847967421278663,1.0374603912229456
-0.8393396655070172,0.4690802649258282,0.034776680988769175,-0.16874353341527737,-0.5042262530076973
-0.5522419327014448,-0.7480665621863086,-0.30536286493442016,1.4329622139912526,-0.17270914583092106
-1.4653985360824024,-0.842007728936951,0.8073004406649187,1.2066249877005546,-0.29348083665388014
-0.03824112238585125,-0.030408608466098382,-1.0910118288474113,0.3530583811476049,-0.806603178551756
2.004199992292687,0.4223765075008726,-0.3875592962089036,-0.16812100215948272,1.870896201425173
0.06457175396853931,-0.6886960269038088,-0.04088152344721583,-0.8770956838399049,-1.5421014802223902
-2.3128831771621408,0.0939115373634137,-0.09930390020745099,0.08174115196215993,-2.2365343880440185
-0.7436806661122508,1.1424948185756008,0.15028635915040692,-0.8070972705903879,-0.257996758976631
0.5131136733407248,-0.2809457546369642,1.0741779128049214,1.6627755056969142,2.9691213372055962
-0.7261261783545752,0.048907698980110506,-0.28492650880521814,-0.11493579317912016,-1.077080781358803
1.8809003160079227,0.5138515776280985,1.3218010458252725,-0.6112457740171386,3.105307165444155
1.1594031967541856,0.7357795760850208,0.4430336489453552,-0.2526610658680327,2.0855553559165285
1.7476345981744434,1.282966467996043,0.25532252266037236,0.960820089899051,4.24674367872991
-1.8665388264308838,0.5980188308460315,-1.2841260666100223,-0.45149823758723157,-3.004144299782106
-0.4086071146552095,-0.10081973303869683,0.17236554321401026,1.3981492353127907,1.0610879308328947
-1.2353612247524228,0.5460370769816014,0.6239756320028492,-0.9393450149549306,-1.004693530722903
-0.8963052362297903,2.0467354169362575,0.0899189472980423,1.2863447556436227,2.526693883648132
-1.0450943275481588,0.6057278123800254,0.8957347714121454,0.02250478769102675,0.4788730439350387
-1.3479244197260123,-0.20997634978035187,2.480365976996149,-1.0871460647806155,-0.16468085729083093
1.4336895562878504,-0.5997730201661149,-0.14473637531300218,1.3221040204952001,2.0112841813039335
0.6925284331116325,-0.10523207278920305,-1.3962159418683124,-0.9012151137996739,-1.710134695345557
1.262277955675046,1.1956317518756645,-0.6711158136366163,-1.755493541858931,0.03130035205516324
-0.05731010375302723,0.8854621374418169,-0.9635980279182677,-0.38635639462504306,-0.5218023888545211
-0.38790926990406505,-1.9602158873691977,1.6668444301852132,-2.016697187365176,-2.697977914453226
-2.8656443515018775,-0.26838470030575395,-0.39225533894967485,0.5767379769722493,-2.949546413785057
-0.5592487562525895,0.0689441505394219,1.4788660220461298,-0.8159324401007941,0.172628976232168
0.11643320509757124,-0.4202292035720152,1.300879969249819,0.9526664653331488,1.9497504361085238
-0.6918130761156878,-0.6094592606951725,0.015324732558574423,0.31077997387049816,-0.9751676303817877
-1.0103250982956484,-0.6593874039764397,0.1893953940842414,1.112944812378727,-0.3673722958091196
0.6241078465242775,-0.11046845560708846,0.00016292997604262752,-0.23924641302336974,0.27455590786986195
0.3317995262675062,-0.0856623438853456,0.2859354473243173,-0.1932905770939798,0.3387820526124981
0.40477425621966323,-0.967611383557719,-0.07992468580827164,1.4188757932368827,0.7761139800905553
0.2690813131727301,1.5431921780646496,-1.7381335094063877,-0.9903342587603569,-0.9161942769293648
-1.0786354349951286,-0.5817092523439581,-0.1505541459611139,-0.4492942605679579,-2.2601930938681587
1.017024618045617,-0.8620975919659963,-0.6327463699549959,-0.47168594839197026,-0.9495052922673454
1.7395863986893316,-0.7596281825354756,-0.5257355285954343,1.3254130817517815,1.779635769310203
-2.1859310903230957,1.1599687882014131,-0.311866716322776,-0.9803005233255057,-2.3181295417699643
-0.9190416543273295,0.09736118709207245,0.12439512838501642,0.12937667501110492,-0.5679086638391357
1.518638254294937,0.19409836088374444,-0.21732492487174052,1.1097262190486863,2.6051379093556273
0.42243424734701285,-0.21261468440914286,-1.1863425124344817,-0.5849291379236491,-1.5614520874202609
-0.8424099927272817,-1.4866331032204732,-0.8959358400696047,-0.21000955171968577,-3.434988487737045
0.39521217358917127,0.22490903895279224,-1.1446617403103503,0.5847518380331828,0.06021131026479609
0.4480189944443678,-0.7676380553322091,-0.7183858616603878,0.9344905970160027,-0.10351432553222639
0.8338758877324501,-0.3494174318597314,-1.5191616084480155,-0.6810787048331562,-1.715781857408453
-1.3791107119208006,-0.4790774499449991,0.3626237399687101,1.8307759692829746,0.335211547385885
1.0305553623072918,0.06902609037705529,0.558417823109032,-0.411971552205279,1.2460277235881003
-2.110223355277817,-1.4116637813126103,-0.5105984971985054,-1.038940595826464,-5.071426229615397
0.616795639509828,0.7468168185396974,-1.146224627460722,-0.3456087430312122,-0.12822091244240874
-1.4321255121981615,-1.210475715609844,2.020046231846736,-0.8350615167478637,-1.4576165127091332
2.4368326425261677,-0.6704813828666175,0.12640225414665535,-0.550879097985513,1.3418744158206923
-0.285700343843554,-0.6492068031729987,-0.6293847624904072,0.00422606346910766,-1.5600658460378523
0.8363900527912032,-0.12438713787029902,-1.929096670923185,-0.7829488941691587,-2.0000426501714395
-0.33499520970424496,0.8723456691002802,0.8252794816786486,-1.4175135788494682,-0.05488363777478433
0.07801642771752225,0.9175297323843052,-0.8056656774826141,1.1090364369890893,1.2989169196083028
1.3508571220815748,0.971670492160098,-0.0490284823215965,1.4634289010654133,3.73692803298549
1.7510634166912802,-1.7301017367102107,0.35893366542072613,-0.39134393132407275,-0.011448585922277155
2.1913216564228057,1.6118323544140347,-0.8848838773954488,1.1732740248891085,4.0915441583305
0.41996689023188905,-0.7697019910175598,-0.30321188518688086,0.6479811851859747,-0.004965800786576768
0.9916099452932224,-1.4204105098817768,-0.33803024383456204,0.799144029875226,0.032313221452109686
1.784201206545069,-0.3686428932050215,-2.740201212763473,1.543856165635197,0.21921326621177162
2.1002339680522253,-0.1844748843261284,0.3586344553664932,0.8524918594566807,3.1268853985492706
-0.6073979121354645,-0.6305026939038239,-0.7651178823013032,0.3218976898849722,-1.6811207984556193
-0.44525863259625525,0.5785774155168409,-0.2800268671835595,1.1846815922779141,1.0379735080149404
1.2248976975089365,1.0374454851361115,-0.08285117044552794,2.8180124396645403,4.997504451864061
0.44431590398741017,0.32989667813388995,0.3780498470420442,0.9260942663999514,2.0783566955632957
1.4823215605381372,-1.4737766543844788,-0.42103307987133415,-0.04245906749070655,-0.4549472412083823
-0.2884457745107217,-1.3351364196047226,0.5637430283506072,0.3487090683559854,-0.7111300974088516
-0.9676514274747927,-0.33347627038435207,1.0289811655387506,-0.8849069406557344,-1.1570534729761284
-1.199992735338968,-0.5851729578878384,0.41074169545730105,0.20441645252339488,-1.1700075452461105
-2.108428614558243,1.3627467451910231,1.4391809549644683,0.8880524456694765,1.581551531266725
-0.00677453299887319,-0.8659495595471338,0.2090956016918424,-0.04152162232016874,-0.7051501131743334
-0.06415660528698239,0.35693103532282233,1.3309132198684412,0.32111395040226165,1.9448016003065427
-0.5865080468245303,-1.7787850436384376,0.9109297956740493,0.7810800545255618,-0.6732832402633567
-0.3559035435729292,0.5624216713084006,1.082264631859342,0.6441959537690239,1.9329787133638374
0.407975162168198,0.222104488728964,0.09063286533583774,-0.26846018304564806,0.4522523331873517
1.5352994860185054,0.37157274057478146,-1.50455351652947,0.5438205021822611,0.9461392122460781
-0.9806050600963238,0.15365328876409265,-0.5341028772932644,-0.48050297787296836,-1.8415576264984637
-0.6035322815890904,0.5011732494270716,0.43843846304082745,0.0021043026073137207,0.3381837334861224
-0.0395464036662292,1.5563209555784063,-1.7037056659119212,-0.23136559392757117,-0.4182967079273152
0.9859818153700809,0.7517994908457212,1.639300758771621,-0.8091536288971946,2.5679284360902286
-0.42831874363973527,0.43423907149175217,-1.6818607982084077,0.09084049474862899,-1.5850999756077617
2.1422002846110857,0.7959692248147373,0.5351813094605438,0.9329736211671871,4.406324440053554
-0.23934118442259242,0.9215731411837784,-0.8170255004008692,2.0847792319541605,1.9499856883144773
-0.8884559892318058,-1.0727492141381967,-1.3714246637904477,1.588112055208375,-1.7445178119520752
-0.03398452228723416,0.6524607812654234,-1.2794256289160761,-1.1339496075203432,-1.7948989774582302
-0.48212069747718705,1.2420437995322393,-0.4657371189570408,2.871470453493514,3.165656436591525
-1.6355844982119823,2.6716584618454644,-0.37001378798791584,-1.4723689642025033,-0.806308788556937
-0.5403400527304704,-0.774404891550999,0.7450375499295223,1.9976252084925348,1.4279178141405877
1.7051816559097444,-1.221564788521001,0.2464745288190892,2.1455006640364824,2.8755920602443146
-0.14850988885204325,0.5742793202220625,-0.4412642532833801,0.7186015380824433,0.7031067161690825
1.1064907675195321,0.22341500951956342,0.6777991767221723,-1.5893937158561768,0.41831123790509095
0.3161209762373756,0.7254879380685851,-2.0293044999939065,0.20808135803382824,-0.7796142276541174
-0.9348982001913013,-0.6622152296164155,-0.4588653810184906,1.346361523161797,-0.7096172876644106
-1.3475622693288514,-0.315801052263642,0.2920298790835286,0.1879910705059035,-1.1833423720030614
-0.29493678613548346,-1.0881705401197252,0.4371899949685979,-0.004303884479576093,-0.950221215766187
-1.535517209197905,0.9179592194876094,1.7653231806483742,-0.7814430088543645,0.36632218208371414
0.321317162662782,-0.42289849012022934,0.031710419076321876,0.5513464173736818,0.48147550899255637
-1.8930494439024539,0.479407002882524,-1.8277098307874593,-1.2632636897998133,-4.504615961607202
-1.2061562058753565,-1.7010989879453926,2.1140360638387583,-0.40944327262464913,-1.2026624026066401
0.7523832829508597,0.5409949281508425,0.8316979597771752,0.933113418284071,3.0581895891629483
1.2208322494348514,-0.7718839550809241,-1.5406801995992985,-0.35314099655950376,-1.444872901804875
-0.5510187187284851,0.041340313631299114,-0.7081190367900105,-2.288483440633693,-3.5062808825208895
0.3187578322907155,-1.5704541079570686,-0.8318438985768309,-0.21010733561444644,-2.2936475098576303
-1.8910109710354683,-0.07873927406329383,-0.03258735843891852,-0.3320446379005318,-2.3343822414382127
-1.3444266300339718,-0.6937598103089999,0.27926307669861444,-0.7353898782889159,-2.4943132419332734
0.048776362549625064,0.5237590518045865,-0.4306453455476304,-0.16744209901886756,-0.025552030212286414
-1.8310697967328804,-0.006610643090455116,-0.06327252472492435,1.8932585442682233,-0.0076944202800365985
0.5786862936758411,-0.17834219840822277,0.09380396968870003,-0.8032449273389981,-0.3090968623826797
1.23813239594893,-1.1733718820745063,-0.5649548256656532,-0.7612477913849037,-1.2614421031761331
0.4589432879766294,-0.0470896650244552,-1.138788977111073,-1.0290131426940319,-1.7559484968529309
-0.17221508859987925,-0.35461940806335446,-1.350927229541994,0.8360858697501453,-1.0416758564550825
-0.32901974446519605,-1.6209974708633932,1.385246572678154,1.0088564512510707,0.4440858086006354
-1.3107177059554471,0.8844187131598658,0.5217426560892534,-1.3106178605787135,-1.2151741972850414
-0.05894802872230572,2.148184703237058,1.7001660821480429,2.3891763650768953,6.1785791217396895
-0.8013575838346606,0.8881201188490165,2.2424472556932105,-1.1202099506881382,1.2089998400194282
-1.544438834258808,0.2214731224847103,0.9091803810518678,0.37798883610522077,-0.03579649461700907
-0.5951330642593275,-0.4889720049813592,-2.1069652362152973,-1.3503248611494034,-4.541395166605387
0.11888501746831616,-0.07130809272867258,0.7924601515883378,-0.3888809536749784,0.451156122653003
0.42749356743626754,-0.5643381540543163,-0.6635905508946489,0.19392027606819023,-0.6065148614445074
0.18281069481550336,-0.49131713580403563,0.4052972989236396,0.4379652560578502,0.5347561139929575
-0.8304419439516977,-0.7562572693894407,-3.0906237334177398,-0.9536538191554647,-5.630976765914343
-1.4274778694122874,-1.0531948093914296,-0.2850624713819321,-0.3657943180787614,-3.1315294682644104
0.8396315494351654,0.6722678995735094,1.632218376361849,1.439238737418036,4.58335656278856
-1.085732345825485,0.14586720028701078,-0.4656029320847916,2.151087745246212,0.7456196676229458
0.25008506291570537,2.542898610323138,-1.631038002547446,0.7792617859319013,1.9412074566232986
-0.04524548563015909,2.3919238758384394,-0.45152904306952885,0.04414388076947257,1.9392932279082238
-0.37467729077048584,-0.42888527311201885,-1.1409798647775526,0.9918869954426209,-0.9526554332174364
-0.05635272005569567,-0.47847109097639035,-0.040492750619702964,-1.3333155067835907,-1.9086320684353797
-0.9133790671272677,-1.4624399140221482,1.5934486981162224,0.6291175904216928,-0.15325269261150076
-0.3041011686744216,1.1939489508258267,-1.8680926283237664,0.22164380096691527,-0.7566010452054461
-1.8552455330195714,0.6180821962922464,0.825780011543933,-1.1122895136721078,-1.5236728388555
1.1216340584489457,-2.7613182040443305,0.14349547272618848,0.6020837272202875,-0.8941049456489089
0.4255617140583342,1.7906974476424704,-0.47007622909412317,-0.5119574727758018,1.2342254598308797
0.5606336657764577,-0.3627412275147315,0.22551156791426977,0.27247916443428527,0.6958831706102812
1.9413745411682546,1.1951401636025114,0.03137990067334377,1.3167439682593611,4.484638573703472
-0.1790534845389591,0.48012105270179606,0.6136591895036299,-0.7743152310941329,0.1404115265723339
0.24995777251424894,-0.16877386690891202,0.32649500903875905,-0.705851743651594,-0.298172829007498
-1.0560665706741201,1.8281752270643792,-1.815498219259523,-2.1023697276425937,-3.145759290511857
-1.2089185128271498,-1.5884706456920505,1.6311781693128764,-1.3922819879772668,-2.5584929771835907
0.12553492732051463,-1.280609885197419,-0.9929242892846905,0.16604446976901135,-1.9819547773925836
-0.3576693538975947,-0.11586206510758046,-1.6054694886379322,-0.4275177753957702,-2.5065186830388777
-0.32535016095868463,-0.6594194979065517,0.846705592948383,0.9395588207892432,0.8014947548723899
-0.719654015397396,0.764243816833436,0.12851661132060083,1.2735589746245881,1.446665387381229
0.21416375456787137,0.9281124418225075,0.6249502481088259,0.5678806850099983,2.335107129509203
-0.09845211341798198,0.6592986993784885,0.04943868502791535,0.30158716443452627,0.9118724354229482
-0.3577995117851231,1.0287259356758405,-0.9164922449662251,0.27290588032306745,0.027340059247559778
-0.6895704417171776,-1.380449946515663,0.6190289872934694,-1.161325812154969,-2.6123172130943404
-0.16717547013712966,0.20797049554464733,0.9309010079947688,0.9325431987374229,1.9042392321397092
-0.6347874806962294,-0.8643679085435892,-0.12651464999112355,-0.3195917007585698,-1.945261739989512
-0.30380679139279004,-0.05806577295721574,-1.7522100021139253,-0.859260405348922,-2.973342971812853
-0.40296168189346443,-0.1506449322090129,-0.3529701817151301,-0.3952378742008042,-1.3018146700184117
1.1954779404488645,-2.1329855634292985,0.8206751278048678,-1.270828802962459,-1.3876612981380252
0.041761962261142975,-1.4804911531861542,0.7893876329745445,0.07666955029359591,-0.5726720076568709
0.502490399687521,-1.4874421584252941,0.11283061282681942,0.9438765072563495,0.07175536134539576
0.48108777954057236,0.3216191967291434,0.970628324835993,-0.47182085964218645,1.3015144414635222
0.18563823581646027,0.25487650786501503,0.4303333349212699,1.0626653762455691,1.9335134548483144
0.41579459426545173,0.48855663645964525,0.3548976708112612,0.05200930422726801,1.3112582057636262
-0.6639548358591059,0.6777864355691322,-0.22534387043890197,1.4551606300793551,1.2436483593504795
-1.5965246167520946,-1.1225224050714449,0.3471645572367681,-0.47907293243101773,-2.850955397017789
0.1826691354795267,-0.17112119008540644,-0.5920289759160919,0.22820307941747825,-0.3522779511044934
0.199017696635713,-0.2542255474745068,-0.5785051032639777,-0.720121031943634,-1.3538339860464057
1.624618234866333,-1.1243178273898882,-0.2379883718932418,0.6993939355591661,0.9617059711423692
0.13150607791961913,0.6832122437382682,0.9962555602721448,-0.4981903677832286,1.3127835141468034
1.5556674626094034,-0.4242724438147786,0.33336687152933037,-0.1426961729263843,1.322065717397571
-0.7464136580700821,-0.5017643206524226,1.3802142264388688,-0.10862542667761624,0.02341082103874803
0.07055554804404018,0.9460264947513752,-0.11098872954252105,-0.8832035561480814,0.022389757104812932
-0.9425606835944734,-1.1159682998746272,-0.5441241840927673,-0.4804461505663164,-3.0830993181281845
0.2594865435859698,0.42188815758630377,0.1994822261932288,0.17453766391639666,1.055394591281899
-1.6177881066887616,0.9863966625006549,1.2700178464493295,0.8458298293986071,1.4844562316598298
0.3882814756402953,-1.101413866772913,-1.0289814124054881,1.3390969049900265,-0.4030168985480793
1.2898097002007338,1.7131697905033565,0.6796515591839858,0.7448826946294913,4.427513744517568
1.384647338483978,1.4184702009400831,-1.2406173622349101,0.7711904930263306,2.333690670215482
-0.8821974819060416,0.606882644604743,0.06192900590606894,-1.884582520591894,-2.0979683519871237
-2.5829741222306746,1.5241282544668555,0.28277995112151016,-0.9804157863270722,-1.7564817029693813
0.19737588451271504,0.11293085115850159,0.08961954819716612,-0.18161337425668247,0.21831290961170025
0.39673084924100965,-0.6719350671460231,0.3868045318980715,-1.9571365175047513,-1.8455362035116933
-0.9742417783553178,-0.04336258423855322,0.7327060178084894,-0.6937908152287355,-0.978689160014117
0.4432044937080379,-0.3270197835304791,-0.1439215458205016,-1.1596795815562229,-1.1874164171991657
-0.04206436546082639,0.052767067056089176,1.1263738863971038,1.115023751453163,2.2521003394455295
-1.0704455563177493,-0.9816185795287058,-0.3541027120111705,-1.0152998727624334,-3.421466720620059
-0.04504552703274875,-1.2562902890471745,-1.6328784342521063,0.03933480936839093,-2.8948794409636385
1.6661341863577295,-0.9802086252360318,-1.4944385574846115,-0.5314438614115892,-1.3399568577745031
1.343898644904272,0.5672747458152939,0.5848673759402055,-1.2260807481614142,1.2699600184983573
-0.6447505750073954,-1.8015888494424286,-0.7967966874010738,-0.6464898176549717,-3.8896259295058697
-1.2523353373709645,-1.4003048493963934,-1.0608758194087995,0.09832976857562387,-3.6151862376005335
-0.2134920323033616,1.4339843888884862,-0.8469331652472379,2.360181513955616,2.7337407052935028
1.038024443782012,0.42673475831525426,0.14321673998826134,-1.003495281963745,0.6044806601217827
-0.8757769731058106,0.08654429965649262,-3.0769955060349043,0.3356285661657447,-3.530599613318478
-0.24133681544648172,1.3165931395867065,-0.6239046106563911,1.343244621975778,1.794596335459612
-0.6915710752747232,-1.5813898693503488,1.5420237296247479,-1.3347730777214073,-2.0657102927217315
0.29505906010362104,-1.040614403449203,-0.4189599612282468,-1.6568526879435432,-2.8213679925173722
-1.0534510831283967,0.2513659857089128,-1.4022977207355296,-0.021696443824542364,-2.2260792619795557
-0.2994078477954773,0.3434891907287516,-0.6636741825295522,-0.5180757358142206,-1.1376685754104985
0.7745847156259827,-1.311862176369313,1.7232717463231848,0.2558001300254626,1.441794415605317
-0.004623645066099142,-1.5494302258252803,1.1254539664673622,1.533180871442661,1.1045809670186435
0.631669975175825,-0.22931714261244698,-0.5075737613970999,0.12833093885263272,0.023110010018910887
0.7773053506073859,1.3526688085455942,-0.5180394973448876,1.262135370958213,2.874070032766306
0.7947290273125525,-1.4190624519820274,0.5375409651458548,-1.5706927415919436,-1.6574852011155636
-1.635269415746554,-0.8821785637061988,0.046382784445357914,-0.18198596212048787,-2.6530511571278828
-2.2185335364745318,0.5822936327259784,-0.3870870948288207,2.097516308770426,0.0741893101930518
1.1695785871653488,1.6593099918764433,-0.43326652936041554,0.24831150105880606,2.643933550740183
-0.8102649541811544,0.245004729504129,-0.5421061694746502,-0.025105940310546908,-1.1324723344622225
-0.3308767543773311,1.0375048949889107,-1.2628734400239552,-0.6462999289054119,-1.2025452283177875
0.6951584151069914,-1.6547523023154118,8.798721379472695e-05,1.3229249275746289,0.36341902758000316
0.6986356620263194,0.026929764625979652,0.3631803411118483,-0.15968310514641582,0.9290626626177316
-1.5890551030149274,-2.161746959960377,1.270394871672069,1.1525031240663508,-1.3279040672368845
-1.4656752000296929,-0.12048951754414824,-3.17727417260472,0.9036832603245624,-3.859755629853999
0.318710969816777,0.6278203759812386,0.6236810613659001,0.4394037847028308,2.009616191866747
-0.3520370727091977,-1.6705391286309124,0.9554416022258602,2.5044027850886,1.4372681859743501
-0.31672226036592904,-1.5506288766269078,-0.1959808735651234,-1.351589030526312,-3.414921041084272
1.8958490487009723,0.9379486561829556,0.3850740473791804,-0.5395176981417155,2.6793540541213927
0.840406321664237,-1.1212182096273893,-0.2514952375693125,0.6936079699884924,0.16130084445602771
0.4771562770747928,0.14908491400200374,-0.606139788598097,0.7824638940151984,0.8025652964938981
0.8175639099855665,-0.36651828008011866,-0.6747712815716027,0.3357001402219549,0.11197448855579994
1.1991030559230555,-1.6957197532684145,-0.17750735023023126,-1.0812060246277555,-1.7553300722033458
0.3035791828920615,2.798149978404079,-1.070894256845098,1.3797831821513524,3.410618086602395
-0.446402837084588,0.42197326552539505,-1.5149474056079524,-2.715040166863765,-4.25441714403091
-0.8175174809595093,-0.2248238509740844,-0.2350966768564219,-2.815086291210638,-4.092524300000653
-0.11645265295334323,0.6084747014309232,0.690685005513586,-0.4100823300678782,0.7726247239232878
-0.1918116127524681,-0.6301000880056439,-0.7433706146588013,1.6905876476562407,0.1253053322393275
0.45209196981719374,1.1905128734122585,-0.7631657802704258,-0.24191004784731568,0.6375290151117109
-0.30634629672517383,-1.805908006599492,-0.1191079058710073,0.9292309529571825,-1.3021312562384906
0.8450477420776278,-0.8883908893838093,-0.9512143485970221,0.9042905211670557,-0.09026697473614798
1.301988287659866,-1.4628293744567116,-0.8118073756400538,0.9130813079729908,-0.05956715446390837
-0.9195063723748962,-2.5125605994540456,-0.005061556397772428,-0.005288155217669177,-3.442416683444383
-1.5869283499034708,-2.104099287517067,1.4286316351807162,-0.5953290408985427,-2.8577250431383643
-0.31610729182128394,0.616224303067217,-3.254012803117755,0.006637451044325518,-2.947258340827496
-0.5654738061482929,0.1959887141089218,0.5832977954507295,0.3921524477898599,0.6059651512012183
-1.1022809051304798,-0.4741397033434069,-0.4466539940111616,-1.8543489279131826,-3.877423530398231
-0.42752778865870994,1.4272986591772165,0.9048182362148184,0.156933343635723,2.061522450369048
-1.1414320736554662,-0.16385653477057438,-1.0935989435719131,0.5572230858569927,-1.8416644661409611
0.7129579777739851,0.4638050381499256,0.46660820610625203,-2.982746393591214,-1.3393751715610511
0.9328474113399408,-0.682531801834984,2.1366695310139203,-0.6666057257843855,1.7203794147344915
1.0814494056192177,-0.4978061568916543,-0.022858947242954668,-1.4193982829331484,-0.8586139814485397
-0.5259178185961496,-0.7341764932168767,0.8001968483968332,-1.6230934787025595,-2.0829909421187525
0.6494502781937701,0.5978122376050821,-1.0855488321944733,-0.20554961017837922,-0.04383592657400048
-0.8480473652544177,0.869354562491204,0.19199666957182995,-0.5307291750778098,-0.3174253082691937
0.13844212803771863,-0.3409281426526407,-0.7526624760968094,-0.5290161038194351,-1.4841645945311666
1.8380973005758399,0.5029142991157506,-1.8654375262387302,1.0536878237503318,1.529261897203192
0.9719361566329265,-2.1818289262124217,0.9065819368246452,-0.7526918760041702,-1.0560027087590202
-0.06452446301828788,-0.16233089279004223,2.2134473747150833,0.12339526988427953,2.1099872887910327
-1.687512709224703,-0.15818451095033903,1.3987703094725565,-0.2748445213599828,-0.7217714320624682
-0.01814650625563592,-1.1727876811147544,-0.26973140553565766,0.41047476488618956,-1.0501908280198584
-0.4247901690149983,0.3960819645988988,0.23927888874427056,0.9421264183305272,1.1526971026586983
-1.2388856712987697,-0.11543681836215075,1.1674747358309923,-0.1789348093929467,-0.36578256322287506
-0.6323899638145491,-1.3217838599570844,1.890476390294543,-0.08719251151661608,-0.15088994499370667
0.4115426385688829,2.194979376316915,2.6852563491623425,-0.03222998041884325,5.259548383629297
-0.8513463792088225,-0.19721963722589056,-0.3031082435160031,2.1469781437027566,0.7953038837520405
-0.9263995419998335,-0.861027585468736,0.8127800413595011,-0.11004525602526244,-1.0846923421343306
-1.8711598501440692,1.4566166479764031,-0.6405899767465769,-2.366621902988902,-3.421755081903145
-0.5954371979442683,1.4882464556537613,-1.4277469676929253,-1.7045597364281242,-2.2394974464115567
1.3855338696053712,0.19392175934562225,1.3753313233817432,-1.8076594245931297,1.147127527739607
1.1110056265419348,2.2336657941410807,-0.2546342365221788,-1.0850573372905605,2.0049798468702758
-0.4663669945660459,-1.1332418225732486,1.9146994924246372,-0.6966745185901877,-0.38158384330484507
-0.4703521330117043,0.003061411857306085,-0.6222015276828194,0.4357117521127354,-0.6537804967244822
-0.21982864003000332,-0.4572244567304944,1.243517072742228,0.24726907477373092,0.8137330507554612
-0.3210938079508427,0.3052134866529787,-2.255879000663981,2.5961546398749076,0.32439531791306253
-0.05460148896743167,0.5376319537954596,1.7011919707829957,-1.5789955904874695,0.6052268451235541
0.04624181914001131,-2.1796597173766146,-0.9240438401484742,1.1011011137853641,-1.9563606245997134
1.747441563490625,-1.8100577998785023,-0.8977561890601022,-0.7692917520200225,-1.7296641774680022
-1.0349434056153293,-0.26361179398896895,2.638102334622428,-1.728450766272654,-0.3889036312545242
0.5867000409876686,1.9021952403008575,-1.6782507382956242,-1.0325226814762947,-0.22187813848339277
-0.35974395828583894,0.8404250853661491,0.5112123715895892,0.34502008068967066,1.3369135793595701
1.5562271494394866,-1.3285197134243898,1.5700687426317579,-0.09490422070775743,1.7028719579390972
-0.08154712051607735,0.22362133757130606,-0.9898953805986077,1.0912425014302372,0.24342133788685816
0.6174739634119516,-0.003214807406268341,-0.04371824603137154,0.230323005023508,0.8008639149978197
-2.3315534777244533,0.6761849559220818,-0.7377433556696866,-0.07137606369901521,-2.4644879411710736
1.6819826146055867,-1.2235558073636048,-1.7858185781383908,1.0224992768759673,-0.30489249402044183
0.7599260295898727,-0.8981671258970608,0.36057213473380434,0.7945034661470954,1.0168345045737117
-2.170866206827247,-0.2760439395792833,0.07605368873059265,-0.5631506295432844,-2.9340070872192223
0.2794894024866054,-0.3784842396163089,-1.3461404750256356,-0.06345705795776009,-1.5085923701130992
0.48124507067629996,1.1121314217746512,0.17735801326657763,-2.1185000652449433,-0.3477655595274146
1.3389484665220293,1.1988072653361126,-1.362574280201583,-0.24275133180994404,0.9324301198466147
0.5458037662844387,-0.06223989139388367,1.381928231316123,0.4981840015654789,2.363676107772157
-1.6011054994519385,-0.15139033909260224,-2.4195450956956304,-1.5215782377245448,-5.693619171964716
0.6612658750821877,0.1802810012219313,0.36897376187243597,-0.7152843738887512,0.49523626428780376
0.5271130458505154,0.9123838887562455,1.1328295215943525,0.5130339635788341,3.0853604197799473
-0.6882146037215404,0.33067226794470894,0.116746011856135,-2.3676956116777603,-2.608491935598457
-0.751910737027687,0.7410703197702436,-1.0890155640660426,-0.8599485499296092,-1.959804531253095
-1.5219686975581692,-0.37248393988242073,0.5906430359894226,-0.834502091931195,-2.1383116933823625
0.10331309516349035,1.3856672955900542,2.433816119184302,2.1119845202663807,6.034781030204227
-0.8112687123201011,-0.5674645853210918,0.4075493218181041,-0.8255672279840697,-1.7967512038071582
1.2624856806709845,0.32998200967392755,0.7540631821076339,-1.706826306777657,0.639704565674889
1.1606444071982955,-1.4094035600679382,-0.054835477130181276,0.06888225927444398,-0.23471237072537993
-0.8638126093751423,1.6803905104678079,-1.141305316704317,0.2857753020080136,-0.038952113603637706
0.5832916196014171,0.6616797980825343,1.6272169707161586,-1.0304254607810113,1.8417629276190985
1.0548976075054641,0.2920953531557412,-0.595985469501021,1.0710369404192277,1.8220444315794122
0.1433542293184252,0.329138248402801,0.6558628763521367,-0.14754222285426993,0.980813131219093
-1.1201318197423926,-1.2448897280494073,1.3104455813463536,1.5208674764675232,0.4662915100220768
-0.33749264434392023,0.3539716681667141,-0.7005096142026855,1.5466620877826538,0.8626314974027619
0.8798988801630154,0.25130266628971587,1.3439053077189826,-0.3295785239387375,2.1455283302329766
-0.2985876153685385,-1.7070034141755497,0.35814185882508504,0.08352948565019426,-1.5639196850688089
-0.6701226962858804,1.5474989610544951,-1.31046254702112,-0.17879608370954625,-0.6118823659620515
-0.3506709630317745,2.233469402736525,0.5074282343436259,0.27925205720628543,2.6694787312546615
1.3856776038027319,1.0482969204609103,-0.6312540940246558,-0.8574097501210252,0.9453106801179612
-0.7900982992754155,-1.0086112657293138,0.13037962602087694,0.20947110312565984,-1.4588588358581926
1.936751574353688,-0.9103477721670499,-0.8691726301889221,1.6911882390394521,1.8484194110371677
-0.19727855807072966,1.637936317558742,0.5228395487079593,0.4134096941083433,2.376907002304315
-0.9945587271187084,0.14868026695690725,1.2839069454998098,-0.7527754453078661,-0.3147469599698576
0.13945025035893044,-0.6475764581040694,-0.3915188498471068,0.6386195014653793,-0.26102555612686645
0.7993197588066312,0.353913707689657,-0.646009233988095,-0.31200391938574984,0.19522031312244348
-0.7423228990576075,1.742858822674325,1.657610424453938,-1.2610984456030283,1.397047902467627
0.38545420830977456,-1.6086943395888642,0.24888080319897726,-0.5369198784102466,-1.5112792064903589
1.1856269889674094,-0.9205495939697499,-2.114145750128296,0.16550405657376593,-1.6835642985568706
1.472968569569236,-1.5485604002508633,0.37434482408037656,-0.18728026795981823,0.11147272543893111
0.22410690006489073,-0.2228656469175816,-0.7344435161849442,-0.5119597284120587,-1.2451619914496939
1.2780568215726704,0.4473364304853408,-2.8700415975590206,-0.9867698895139206,-2.13141823501493
-1.527483056768772,0.1469180454967986,0.14574206649835203,-0.5710810024160472,-1.8059039471896687
1.2392158375518154,-1.7291906783233861,-0.2524289958130518,0.11465925142029801,-0.6277445851643245
-0.15583954573564934,-1.2999256663766603,-0.014483063302323292,1.1964897908952767,-0.27375848451935625
1.0325356432069928,-1.5291765975443228,-0.5928819384808116,-1.1857342200040453,-2.275257112822187
-0.31063125622719207,0.08703459579529674,0.15012458814757412,0.9008563297596194,0.8273842574752981
0.9530076602882513,-1.0205029387622075,-2.4532406743011195,-1.3757723678576466,-3.896508320632722
-1.9979111418814381,-0.8298473693681823,-1.827983700032348,1.0962005981276193,-3.559541613154349
-1.6005233616572,-0.19938010358392733,0.453428812426652,-0.9569394939605846,-2.30341414677506
-0.5133118574084387,-1.5572697237671445,-1.6497864674652876,-0.47507904789750055,-4.195447096538372
-0.02171229693565663,-1.613881983497209,-0.23452240602543983,0.9136858600261442,-0.9564308264321613
-0.15947944606588005,0.16583132602708367,1.4165923699870147,-1.1175024146095498,0.30544183533866853
-0.941342071170157,-0.7978018664955552,-0.3537986825329155,-0.537734771502719,-2.6306773917013464
-1.0380091236875613,0.7117444511162778,0.41265376637135875,0.7214484816630833,0.8078375754631586
-0.2999003410715978,2.229957009908594,0.6003340306008073,-0.022541895977568813,2.507848803460235
0.13509010626705248,0.9176952019891947,-0.18684209934009424,1.1168484750761276,1.9827916839922803
-1.8749274577086124,0.25677557468502643,-0.47404501138230487,2.39887808497753,0.3066811905716394
-0.48446094235190723,-0.15305964490844304,0.09932961328114105,-0.21196674504405627,-0.7501577190232654
1.4894401820415266,1.2744552709463035,-0.724196109167549,-1.1107543038971117,0.9289450399231695
-0.2620920979763852,0.6173571817997653,-1.308167875127401,-0.01131644945919489,-0.964219240763216
-0.2589491584620572,-0.21437044612051867,-0.38455335904484583,0.08144521758392201,-0.7764277460434996
-1.3615113339757678,0.03285965930577464,0.8923307013243242,-0.9813633260033918,-1.4176842993490606
-0.17941938470891608,-0.48710263179577634,1.174476521319541,0.3548200210811987,0.8627745258960472
-0.3206935295070282,-0.44412795409934086,-0.5028282470020591,0.1930877573851079,-1.0745619732233203
0.09188766201424814,0.3079626326300641,0.1289908230971121,-0.5937232347235359,-0.06488211698211158
0.9013092747770484,1.4089061458383896,-1.559287920020035,-1.903814300818555,-1.152886800223152
-1.169196124700004,1.0597771816886221,-0.9020515170100531,1.2808822993721416,0.26941183935070656
-1.5374136631977335,-0.5211265457367407,1.455049309814639,-0.09186811596571927,-0.6953590150855544
-1.1478426562708839,-1.194031514090782,-0.11304835210805245,0.0678529948975389,-2.3870695275721796
1.3296846176820185,-0.08917735635128982,-1.4515372531346682,-0.5564327364277369,-0.7674627282316764
1.0220330059241154,-0.8688360452363274,-0.20119970893549163,0.20738440992120816,0.15938166167350445
0.7723960839808717,1.0338487777055596,0.8401688787233121,0.6701092550605213,3.3165229954702644
0.4323208108429027,0.45593810761842013,1.3430530762141601,0.9460777365529242,3.1773897312284074
-2.059174467917634,1.5396953774546465,-2.158720016511516,-0.2154703916653994,-2.8936694986399027
0.5627688183458355,0.47928896446914665,0.31479400861338647,-0.10434461500137503,1.2525071764269935
1.6759604470012177,-1.143350695424113,1.1048354997515963,-0.6022616687836527,1.0351835825450482
-0.27917483354201067,0.19179880839597271,-0.9005518442420676,0.24167377441011723,-0.7462540949779883
0.15163642707245165,0.7385509194836968,-0.19000636958282627,1.4179079597193132,2.118088936692635
0.3305362041255894,-0.09801601608082575,-0.8603537562214701,-0.4078235088504231,-1.0356570770271296
-1.3404420916548396,-0.3329678104370514,1.7455234596105418,0.5094105569031057,0.5815241144217564
-1.1236515110431264,0.2516035425773453,-0.5136768380165251,-0.17417603255894493,-1.5599008390412512
-2.1582968030757232,0.6435200539775193,0.31321941094325384,0.2839956934706438,-0.9175616446843065
0.8985749929598877,0.6676553022485545,1.4038439865221488,1.0898224996111145,4.059896781341705
-0.5974444502794906,-0.8363723857251701,-0.7055930258788575,0.48170713328228,-1.6577027286012382
-0.6770036645732029,0.39574642772157853,-0.13577186468049132,1.6430045773461504,1.2259754758140347
-1.0401394141036773,0.10963293308627817,-1.5700200067778705,0.28622561449695577,-2.214300873298314
-2.120236668936731,0.43187403687596815,-0.27696321891094383,0.6779694671971229,-1.287356383774584
-0.3893025622128719,1.1138670076886215,-0.6161369008327562,-0.7601543780439017,-0.6517268334009083
0.5493083642309652,-1.0239803716384814,0.6249816364027291,-0.20503492119413083,-0.054725292198917974
0.34103315229072007,-1.6436845811536864,0.683951801047128,-0.4598199454072894,-1.0785195732231276
0.039675398211540536,1.3588572309930538,-0.9596959734534061,-0.5937622298592761,-0.15492557410808783
-0.456585642052016,0.5705018738903378,0.47928961510331825,1.1544224599445858,1.747628306886226
-0.9631370033824314,-0.6324170483204766,0.015142040321672148,-0.5519944549062429,-2.132406466287479
-0.2576522788042161,0.17654261680139122,2.3210301960716553,-1.582533159995263,0.6573873740735674
1.5771193373377022,0.2655938439793727,0.3350422972771965,-0.107474643437003,2.070280835157268
-0.618499467272195,0.6544153944903504,0.013336719326144688,-0.8245297949178181,-0.7752771483735179
-1.4137116515184998,-0.03878053970187507,0.5503565679502967,-0.2995592899032536,-1.2016949131733314
-1.2337919567353062,-0.32355524378426676,-1.1183067940189442,0.0038058213676413076,-2.6718481731708756
0.3606556146352617,-1.895138308594547,0.8009602571213419,-0.25826272852004334,-0.9917851653579868
1.3320774542729945,0.49468901401273363,0.23886337898264465,-1.4709347742681733,0.5946950730001994
-0.3755423579594125,-0.16292115375014415,0.13038707739984243,-1.1676568682848154,-1.5757333025945295
-0.47506327945054566,1.0698444314884636,-0.30476052159709477,1.7496225020255918,2.039643132466415
0.3026675969904375,1.402987801427768,-0.40608423513523945,-2.5382272769593173,-1.2386561136763512
-1.5275635805686838,1.1487034625041619,-1.343578154994151,-0.07191131964552597,-1.7943495927041988
0.45724603516794554,1.4089861793682759,1.1666271923788976,-0.310197024920649,2.72266238199447
0.46534338189006424,-0.26826579875613743,-0.8952424398410851,-1.037233606405013,-1.7353984631121713
1.226379859546654,0.40461727996392316,1.3722988230270121,0.6474727588024214,3.6507687213400106
0.3196510087599799,-0.10532934379771389,0.535136997850278,-0.4756568932130167,0.2738017695995274
0.44299872745174707,-1.3583661826269677,0.7705734565258805,0.8994471524651515,0.7546531538158113
0.0012309071979329839,-0.380308910449173,0.21275084462877475,-1.8706724027891553,-2.0369995614116205
0.5540723648514029,-1.1416674123701385,-0.524160299908998,-0.8099775251774459,-1.9217328726051794
-1.301774353316897,1.1533438976532984,-0.5383281129414534,0.261573905143396,-0.42518466346165606
1.0613779250948527,0.46279155955166495,1.20381320489014,-1.7766207705672619,0.9513619189693958
0.7899110391711587,-1.545759178174617,-1.6766866964824547,-0.9672888707471661,-3.3998237062330787
0.8103122884290427,0.7307501868619436,-0.2300152316186893,0.5620978429433924,1.8731450866156893
-0.8198345977826673,-0.6503092173236391,-0.7387215894550727,-0.2489194308623032,-2.4577848354236824
-1.9051187513141543,0.9763539016259414,-0.6764361727733204,0.19962240010356258,-1.4055786223579707
0.6734185348985406,-1.2838692155485933,0.11459790169714427,0.0695543414762427,-0.4262984374766657
-0.25951161631494796,-0.49819613417036546,-0.21598318358425156,0.651716470486775,-0.32197446358279
0.7249894109767856,0.4447514077565533,-0.7196468621801139,-0.4916060584180638,-0.04151210186483878
-0.14695943050521112,-0.24176376833908844,-0.14609115021208915,-0.8895021424374064,-1.4243164914937954
-1.0778617463918747,-1.7602129075819335,0.7013238216439395,0.6083569614053674,-1.5283938709245013
-0.14450964964141813,-0.11035466043877676,-0.43605703672993373,1.6160825005807613,0.9251611537706326
0.20201282689597083,-1.9763910966378513,-1.2990602776133728,-1.274521137620685,-4.3479596849759385
-0.41524967684795944,-0.645348671250317,-0.2745030272889257,-0.39444691428969403,-1.7295482896768963
0.24569608319366598,0.45321077952056393,0.9063754138361182,0.48500709354776034,2.0902893700981084
-0.8432527317878263,-1.3101633988488433,-0.5151009723295595,-0.6133089126474801,-3.281826015613709
0.635554109418827,1.7001555792490508,0.7440839825635549,-0.44966164192873714,2.6301320293026955
1.2762184801188226,0.37501284515059635,1.3054155716396194,0.23865040177301114,3.1952972986820494
2.0571418409729665,-0.10507225460122202,0.7056570973788129,-0.491895645133255,2.1658310386173025
-0.6770592487741017,2.2549706002858634,1.2077689918923837,1.2741501159167905,4.059830459320936
0.0759411168324206,0.4679273776138647,-0.3990412065400202,-2.2301334397529384,-2.0853061518466736
-0.04156206555526949,-1.1219237668905582,-0.955007069820343,0.3385678916291316,-1.779925010637039
0.3571853548557397,-0.276579159718384,-2.3631160219286054,0.26938071615041015,-2.0131291106408398
-0.2714218496320292,0.17798954893432575,-1.087394798559906,1.0584439744453054,-0.12238312481230407
-0.3753669621895126,-0.8282936001239685,1.281137458737704,0.9888297228682579,1.0663066192924808
1.1707827806625528,0.7764265986178779,-0.7598925735784429,1.0081996464239082,2.195516452125896
-0.5215383921269581,0.6142849803565565,-0.6896133230379027,-0.7205253081964841,-1.3173920430047885
0.5639732451037438,0.9152694019920833,0.3175239807127334,0.4553222821238862,2.252088909932447
1.4181448539907187,-0.1105388731457647,-1.2040067505025909,1.4197698775839813,1.5233691079263445
0.13375794598388538,-2.124867334417685,-0.5768028190944369,-0.6163218739983672,-3.184234081526604
-0.9612528898782549,-0.34423843016665157,1.4656924687300392,1.3211661075062044,1.4813672561913371
0.3355599520285423,1.170897758543197,1.232565720517506,0.2909332290784154,3.0299566601676604
-0.06149455956007814,0.016561576849990912,0.9737537180482478,-2.712043114388267,-1.7832223790501063
2.164260933808809,2.095000083056547,-1.4496326852370505,0.35016779451327623,3.1597961261415826
0.02789434668457026,-0.9726263111089845,0.43273581953958146,1.2811920611654777,0.769195916280645
-0.2585902858349243,-0.60939092330506,0.5642620201498514,0.6632527812755529,0.35953359228542
-0.29027637183590255,0.3966416764421459,1.3340786833220175,1.0536865034354053,2.4941304913636664
0.04959307948882419,-0.9441184259440506,0.24554157024685175,-0.1333523761292057,-0.7823361523375802
0.28335758075010214,-0.354164758665163,0.0031429049809671658,-0.29629671267734625,-0.36396098561143997
1.2776624446656442,1.0878911118126313,-2.298112181427106,-0.6203066516932111,-0.5528652766420414
1.600443154233926,0.24889170063070598,0.5735973154082776,0.8270252305700306,3.24995740084294
-1.0360707533327056,-0.16012430572114242,-0.9290528640908102,-1.10914447545389,-3.2343923985985477
-0.5768779878752859,-0.5734118794234184,-0.21190004495207837,-0.03177556615207744,-1.3939654784028601
-0.6323865810824982,-0.41849593665073975,0.05874841266343712,-1.0395238144684582,-2.031657919538259
0.24829626934669297,3.043809429308884,-1.359039708406894,0.012343341088584628,1.9454093313372678
-2.278348416656349,-0.5464922378258955,-0.3694007357023964,-1.3706273555994415,-4.564868745784082
0.19207025473527178,-0.9988729627284156,-0.3457186864133819,1.2092906600879978,0.056769265681472
-1.5560680790688906,0.5560914399052873,-2.0790201116589015,1.876114207305866,-1.2028825435166386
1.4056065771595432,-1.1504615412806765,0.23468174442838988,0.21312068846897228,0.7029474687762288
-0.4227417562031599,-0.614618244237838,0.4349457707651981,0.5597241140432195,-0.04269011563258024
0.7326203053977699,0.4349575306155288,0.48391550156995977,-2.142636642559651,-0.49114330497639225
-1.5254270826083862,0.3606520898043059,-0.789467061410653,0.7625590334204702,-1.1916830207942632
-1.5565317883296,0.8381665229825552,1.1072894391230779,-1.1773851461394191,-0.7884609723633862
0.13060051913518128,0.318844129216964,-1.695129187078249,0.7238510153170495,-0.5218335234090543
0.2805428065027156,-1.2417277621952652,0.34258470257840157,-0.7646150099558242,-1.3832152630699723
-0.07999470549548009,-1.6212082943546147,-0.6238542689623313,1.403035539386407,-0.9220217294260192
-0.3098840253995692,-0.9598966363965183,0.36085790920733357,2.768023982762714,1.8591012301739602
-0.794288507111832,-0.1487516112554143,-0.4094949547849377,2.31142829158357,0.958893218431386
1.2014248695734284,-0.8362693314879851,-0.11158155601969982,0.17690764249269111,0.4304816245584347
0.8475561802121222,0.48239685184520226,-0.2224854677313065,0.9656695213905603,2.0731370857165783
-0.9384144598180838,-1.8931119714884812,-1.7740971090857391,1.1657146918855872,-3.4399088485067173
-1.1186301924587252,-1.5867851981667327,0.7747894041513694,0.5281555682922381,-1.4024704181818501
0.7676002488465028,-0.9242315961653423,1.4953013597665177,-2.376098607940373,-1.0374285954926947
-2.145488391746616,-1.396528096586455,-0.26336054357041105,0.7555731442312074,-3.0498038876722746
-0.4312661660804385,0.10859242827543214,0.2324656084885573,1.1754373805206024,1.0852292512041535
-1.02856121802946,-0.40678042600746783,0.9017929425599687,-1.3099557562496966,-1.843504457726656
-0.7165565006889181,-0.25066837133431696,0.8501308135144653,0.9042980630998468,0.7872040045910771
2.183410258758627,1.3082466479650412,1.0143423059377612,0.8739690876643958,5.379968300325825
1.1505145264684895,1.4449773209582464,-0.43759051034069646,-0.985488564678459,1.1724127724075804
0.3015587078334019,1.2104174403229695,0.2780479312870398,-0.6360190539303938,1.1540050255130174
-0.5379933103193979,-0.13229245366190107,0.8273519372947113,0.545314296974184,0.7023804702875964
-0.7561360729150867,-1.8559049039918203,0.017249434016805676,-0.9908061868927672,-3.5855977297828683
1.8577480767532144,-1.0193899637791257,0.6754614393833316,0.35395809783737986,1.8677776501948002
-1.4876346708215735,-0.029191158396847272,-0.3414943337298943,1.5344699688160393,-0.32385019413227584
-3.0957444847822004,-0.35078482058284005,2.301871494575236,0.2846201187278173,-0.860037692061987
-1.550304344916251,0.0669721682446735,-0.44840828848160175,-0.8570387085441981,-2.7887791736973773
-0.2192185371684619,1.0111198495188325,0.6562263080630603,-1.0880202046520713,0.36010741576135963
-0.7538862652099365,-1.038034473065421,-1.8344953135357926,-0.22585415090993496,-3.852270202721085
0.14719857198942107,0.5424022660497377,1.2733362157388453,-0.10423978837878285,1.858697265399221
-1.0720564092369824,-0.4846519516807248,0.614701817366527,-0.3902783833669586,-1.3322849269181387
1.0318520225068641,0.9102788977705111,0.4136566979117302,1.0400846460626172,3.395872264251723
-0.6117431146334202,-1.3542636279609894,-0.34794324168312,-0.361274840299587,-2.675224824577117
0.7843282528591892,0.7923710987586231,-2.3844397237337405,-0.32998123083914793,-1.137721602955076
0.10876092666051601,-0.7400271599138271,1.1016882491053503,-0.16777870088319072,0.30264331496884855
0.24631283544728866,0.03043044714048319,0.841484165128165,1.8036356486857261,2.9218630964016628
0.18583679458906563,-0.446398192499219,-0.5257441395543906,0.04545796143245192,-0.7408475760320921
-1.2673013575586822,-1.4555667609966105,-1.3910800448162608,-1.863460984837937,-5.977409148209491
-0.4315852303716756,0.10928427653033208,0.645511531496673,-0.29611997871785545,0.02709059893747401
0.08358742234636422,-0.28794187405023686,-0.3061494322855417,-1.189035300454002,-1.6995391844434162
-0.42186970337115853,2.8727778901555205,-0.7375939312631504,-0.9815499600519686,0.731764295469243
-0.026292080997741205,1.1067998727438597,-1.1471130971702017,-1.449799984460858,-1.5164052898849412
2.495327773097903,-0.6986180162058864,1.1788324010049733,-0.4804207247048098,2.49512143319218
0.3942409185488207,-0.0009556964938283385,1.8427964606392573,-0.13723879640658027,2.0988428862876694
0.8036380942694258,-0.8724737312466926,0.41615485838839195,-0.7880330441668915,-0.4407138227557663
-0.9586659625665479,-1.3529268495438933,-1.34959297725081,0.3250445574050256,-3.3361412319562254
-0.6871444513843412,-1.1819799947802816,0.6221963472532342,0.699636693808179,-0.5472914051032095
2.4007797138525415,-2.716867562264047,-0.008911895581124296,0.3803039984318809,0.05530425443925099
-0.3198951226103518,1.1902275075080848,0.14620219069882986,-0.41736130840541297,0.5991732671911499
0.6099408147609963,-2.620278404041117,0.4713372272872846,-0.975050220533308,-2.514050582526144
-0.07005854942844815,-0.2657423065618903,-2.3963074190715714,-1.52626774916528,-4.25837602422719
-0.06955544428474472,-1.6535620135542073,0.8570329036435856,0.6555388652964026,-0.21054568889896375
0.3305653150923446,1.4840607618595623,-0.2896578517640034,-0.4973515504636416,1.0276166747242619
-0.7799431479741404,-0.24863226322051796,1.5780387710128938,-0.29774445497506696,0.2517189048431683
0.3932346585600267,-0.9378626221648987,2.0077188050043198,-1.449742452767783,0.013348388631664765
-0.1974842433736578,-0.21423914238677036,1.3364345184221862,-0.4495031631453355,0.4752079695164225
0.5080854220036604,-0.1689367821271328,1.08218580254725,-1.3780137815145053,0.043320660909272224
-0.15852210387037394,1.9680744062820148,0.14515639493263785,-0.6015134850303885,1.3531952123138902
2.506170421633644,0.4930911812230649,0.9041891953351787,0.43574535643155693,4.339196154623444
2.493514329981701,-0.5281062100310625,-2.0382332333163626,-1.4863154161985117,-1.559140529564236
0.4645242979236517,0.3904160616012571,-0.7655238392671175,-1.6250088631079491,-1.5355923428501579
-0.7406153991219601,0.6414821960818772,-1.3929709114924869,1.3666732636701997,-0.12543085086237005
-0.052658446962877074,1.717615736919709,-0.8599487542661235,0.3418161271545089,1.1468246628452174
1.8621526330688172,-1.0194074560476125,0.20795002727544196,-0.8695001342784628,0.18119507001818377
-0.12341522381506528,-0.07891571450629557,-0.04198397709284454,-0.1932982413979573,-0.43761315681216273
1.0066512373741265,-0.6179400528551295,0.11293641019012861,0.09389980953631506,0.5955474042454406
-0.46577217614065813,-0.5084418958227207,-1.4757286457111092,0.540426965387224,-1.909515752287264
-1.1697227332265732,-2.130530630017168,0.4803531941359784,-0.3293459249821586,-3.1492460940899214
0.8210424608439021,-0.9701604436405769,-0.10661431955764657,0.9692968313433885,0.7135645289890673
1.0863950410691767,-0.41150030876652127,-0.1290216007802038,-0.7484052752744287,-0.20253214375197703
-1.0347538886430128,-0.6534040938986014,0.9155788101815148,0.07706834136170541,-0.6955108309983942
0.6365512127466411,-0.026742155231828088,0.22465981909985183,-0.42545051110957594,0.40901836550508885
-0.17429558064103332,-0.4956535889389104,-1.7248262790812676,-0.5057787620011737,-2.900554210662385
1.1111425900646275,0.3618213991083865,1.0587306122262476,0.04629993477376653,2.577994536173028
1.3806262451293874,0.7871864651405405,1.0979089857722149,0.8730508539392775,4.13877254998142
-1.1666787601846704,-0.1218898116807676,0.3618631074674248,-0.33702070569310755,-1.2637261700911209
0.7397454900713097,0.14575571676326424,-0.07396180774976024,-0.8925781054065248,-0.08103870632171109
-0.49108082431269745,-0.5229235018182259,0.077534246653726,-0.09792456871299543,-1.0343946481901927
-2.054386842961677,1.026628615419513,0.25446950840037635,-0.8434637703221715,-1.6167524894639593
-1.4052934477202679,-1.0181366071227178,1.8209321130396718,-0.07206090335471994,-0.6745588451580335
-1.8445543015601475,0.6867197473817062,-1.263268894090668,-0.007127399986491674,-2.428230848255601
0.4590403825861752,0.30898330999050516,-0.3787891938558226,0.7535680969795593,1.1428025957004173
0.09395174539077386,-0.5692387908809067,0.7658894205697807,1.0676780240709498,1.3582803991505976
2.4987565369152955,-1.558685849277306,0.5684464693620025,-0.5356763609927073,0.9728407960072848
-0.4517390860955863,0.17524342742184829,1.7665773381883592,-0.4810408752884654,1.0090408042261556
1.6996154912530241,0.7005077546386899,-1.1166226903657446,1.7471837413978053,3.0306842969237753
-0.01701911414378825,-0.3146561149637837,-1.4286013593672333,0.31860119847357943,-1.4416753900012258
0.12919646018126607,0.4323917089996906,0.8771061085870536,-0.48257290668050007,0.9561213710875103
-0.22705221910429693,0.005261234645594951,-1.288684627662735,-1.3042355270924963,-2.8147111392139337
-0.8549684956302351,-0.9529852011609888,-0.5813413473508235,0.9798188072960552,-1.4094762368459923
0.25439627883028587,0.9492638359649169,-0.4777756787754023,0.5365897258836273,1.2624741619034276
0.686802441928814,-0.12567531197483903,0.05820420648140428,1.825172738709062,2.444504075144441
1.5399210533241237,-0.29105823171323847,0.6697092621289416,0.19576199981496475,2.1143340835547915
1.0064269222416433,-0.5942631319684625,-0.23722536010379427,-1.0750704272700287,-0.9001319971006421
-0.6322180931720079,0.7797456755303106,-0.12291047311076617,0.23606758664375657,0.26068469589129306
0.1451300674620099,-0.17489168629330987,-0.8752752792864894,1.5012165753587718,0.5961796772409825
0.737089677047868,0.38346870379295356,-0.9800934060650667,-2.6330959628417907,-2.492630988066036
1.785248918213473,-0.5848808464316468,1.0228117783071662,-1.2471612114334625,0.9760186386555298
-1.052137725924668,-0.24878652227580936,-0.3284237393173269,-0.032097498503964754,-1.6614454860217691
-0.7597643284577277,-0.4261882272488581,1.1540370032242735,-0.927428228531736,-0.9593437810140482
-0.7872179737416806,0.23281111123533133,-1.6766600031983703,-1.4654961255602106,-3.69656299126493
-0.5907963526608843,0.2943954664049121,0.6133172212590734,-0.5826259214232901,-0.26570958642018894
-0.5162970594290736,-1.6846136687677369,-0.979666617917601,-1.1726746150835294,-4.353251961197941
-0.6041362774541146,0.37832147692480306,-1.0498210960111078,-0.9110890152549604,-2.1867249117953795
-0.45786121848741373,0.336443466709801,0.057913693393993146,-0.7512385995492217,-0.8147426579328413
0.9007277136786191,-0.5532833177574334,-0.6967431843569455,-0.31518452857205315,-0.6644833170078129
0.6357177218721559,-1.312992382329042,-0.8384893930030413,1.2492020101501216,-0.2665620433098057
1.579546485146915,-0.19943679589619318,-0.6320434188365853,0.2541630518163406,1.002229322230477
-0.018856389630150017,-0.4996710060460619,0.3941971122905091,0.005888105760945976,-0.1184421776247569
-0.49890505319241274,1.0670158607606528,0.05993324892083847,-0.640146411723981,-0.01210235523490237
1.4826271779534306,0.4292608784033808,0.2577779401674119,-2.096974068147513,0.0726919283767104
0.23370416999789292,1.367360274072539,-1.3096376744366196,-1.3555303599145876,-1.0641035902807752
0.6448984485846354,0.5887390785644407,-0.6914399771919091,-0.6473604850429002,-0.10516293508573316
0.6306746073132328,-1.5994994698255973,-0.6688688775222251,-0.12274764464812898,-1.7604413846827187
-0.4022221478478093,-0.8365667845062762,1.2768515451613327,-0.18786716568198814,-0.14980455287474093
0.15917072965458895,0.5875524479964099,2.16534630602933,0.23230796816826074,3.1443774518485896
-2.257966525992473,0.4523538206206233,-0.8611942686299469,-0.27095230958347427,-2.9377592835852706
0.1228066370733467,-0.5738891811955631,-1.0108148379877409,0.1936795329455341,-1.2682178491644231
-1.543602491645385,-0.623060928729062,0.38878283557495275,-0.461576730977571,-2.239457315777065
0.008582089457805309,-0.5415194094819227,0.7247197450979005,-0.1877283996523,0.004054025421483143
-0.6633027395263714,-0.08714350647215528,-0.512679191655315,-0.4647861106765438,-1.7279115483303853
0.4462558534478058,0.22065794317932802,0.02831412158960928,1.6831002281538487,2.378328146370592
1.562923372828167,0.6760590309776187,1.4792474891894436,0.7051629711520857,4.423392864147315
0.813375643733922,0.5557106715904986,-0.6790470152312843,0.5497090203624441,1.2397483204555804
0.9487257851411677,0.6426701309051294,-0.9297723224963135,0.9554171592910716,1.617040752841055
1.391274406808024,1.8996876587313318,0.4200722487543063,0.3267573880200571,4.0377917023137195
-0.6425136051345802,-1.3044147569508537,0.48249960892482335,2.4855950032040663,1.0211662500434557
-1.510730142352051,2.4804439657600432,2.0500610895999216,0.6583749417172676,3.6781498547251816
-0.46280830474612716,1.7399307475642063,-0.26231404536977,0.1392993993514057,1.1541077967997149
-0.6341382374977826,0.4664562615035319,0.35573342868600305,1.0661929026512886,1.254244355343041
-1.6131236775605664,0.21024987619570762,0.24253522049242235,-0.27297163309390643,-1.433310213966343
0.3096654650742681,1.9742386461581616,-2.020820759055592,1.0118134490483504,1.2748968012251876
1.5272207935322923,0.8256018434810728,1.7924959288155642,0.025621323786273475,4.1709398896152035
2.034136676826245,1.0730493942443122,0.04881883681162688,-0.24264157716654466,2.9133633307156392
-1.027205931024669,-0.15504681993046404,0.6536984784502309,-2.121089274942753,-2.649643547447655
0.21543958972650504,-1.690704996925219,-0.3500616331452106,-1.0397158072936918,-2.8650428476376164
-1.6124649139448228,0.1509267539551245,1.1675556611205427,-0.12504874384927278,-0.4190312427184284
-0.9164063857861546,0.6652975714314397,0.2370938047609656,0.9862580537209032,0.9722430441271539
-0.15603983250236883,-0.6154592200649861,0.9020025445095918,0.11265734560284762,0.24316083754508455
-0.04596985407922942,1.2276554249065927,-0.21211180088950965,0.8118808664588704,1.7814546363967243
0.3100317386829017,-0.42664006568560164,-0.13372728325984812,-1.3207501435995652,-1.5710857538621135
0.16279842482603668,1.2279055713812095,-0.8599767457453352,1.1090188734935245,1.639746123955435
0.9318069973382462,1.2018146855567247,0.21232473596715318,0.7075291245096457,3.05347554337177
1.725349550530928,-0.49629952493379215,-1.1305597729317476,-1.8375187490362903,-1.739028496370902
2.0608579517650103,1.4197896888060946,-0.3226815537105885,-0.05506177058386991,3.1029043162766463
-1.5376602999283995,0.8305346192596796,-2.100845683838496,0.2767177685742859,-2.53125359593293
2.498890640017835,-0.014983689698465972,-0.6658798343736645,0.7674129943042362,2.585440110249941
0.04614460643898561,-0.17352511207270746,1.1497625841569739,0.6139962442622496,1.6363783227855015
0.8136223473243365,-2.1044038483616885,0.8624195661228564,-0.6479947805967109,-1.0763567155112066
0.26498518719706177,0.4405487712530489,-0.03679167843814699,-0.6913263792368146,-0.02258409922485092
-0.02956305616834987,0.5946612589468036,-0.5508426154170935,0.7847086231098344,0.7989642104711946
1.424720387102464,1.1007663099293248,-0.7518212517206667,0.6303092161427052,2.403974661453827
0.5585544243489675,0.9632655925959968,-0.8530338555291217,1.317453905891372,1.9862400673072145
1.0730344146320856,2.3380088796311935,1.4774043612576298,0.030921165860437434,4.9193688213813465
-0.6937938522521583,0.34131961349950485,-1.137587587096608,-0.553287303882754,-2.0433491297320154
-0.16017094989469113,-0.7652890277803894,-0.20644533852059255,-1.0194942734070034,-2.1513995896026765
0.057526824468156386,0.6212876618439002,0.43026984900271786,0.9387929086027348,2.047877243917509
-1.7898667586439634,0.9746735522571592,-0.028821597118767212,0.2873926166689948,-0.5566221868365765
0.36414011922260725,2.0244987842628954,-0.6387966245398035,0.6341333953818845,2.3839756743275835
0.00567567111240656,0.10807814951340872,-1.9406198666162209,1.9740605866865846,0.1471945406961792
0.5701570727136651,0.9345630264790308,2.3216673525702713,1.0349302465698451,4.861317698332813
-0.944326638213537,0.5661331593900641,1.4305463013034099,1.331497656495065,2.3838504789750017
1.5157586414205522,-0.5500461799983335,0.3333791650580896,-1.3804069948142095,-0.08131536833390118
0.8978071814623207,0.6880233362109637,-1.683665381977989,-0.41823590380689457,-0.516070768111599
0.27089666572326443,0.9902724588318584,-1.6227959381978923,0.4104316830517305,0.048804869408961116
-0.823027555940592,-0.3949247314425626,-0.3692938669549189,0.32696517835571454,-1.260280975982359
0.42902818294613554,0.3240025124344517,-0.9630483367002125,-0.37186989709254004,-0.5818875384121653
-0.49056083912033477,-1.8429085005973214,0.25351450960225114,-0.9714166107816655,-3.0513714408970705
0.035865726165302786,0.08925969887192903,-0.7505319612829021,-0.20924894691906537,-0.8346554831647357
-1.0461672265381934,-0.5540623199888577,1.1975381656273807,1.3026444182777734,0.8999530373781031
-0.49677802328995674,1.1664839380510923,0.9729968256117093,0.49699666476875626,2.139699405141601
0.6044337289959939,0.9960966866687024,0.29158698508626874,-0.4893903697458628,1.402727031005102
1.1119978821098944,0.2759105498879047,2.1150577441191487,-1.1379219885679395,2.3650441875490085
-0.1407097943580941,1.3199148071923859,0.9217127224275542,-0.7069490146879511,1.3939687205738949
-0.355324173648845,-1.3405786286197614,0.24474280202864265,1.6391040654973252,0.18794406525736143
0.7928064583168853,0.28911788831713015,1.1670767076143498,-0.3458858487472286,1.9031152055011367
0.16226539496980505,-0.15401833392301412,0.135925507387409,0.08479941388604514,0.22897198232024507
0.7355361588825128,0.10467246479040296,-0.5027537847626588,-0.6515020201097401,-0.31404718119948316
0.38744128159022945,-0.9806137416101619,0.40652965681388936,0.39983415139608375,0.21319134819004065
1.9304163709086097,0.4114589801323376,-1.003733718537548,-0.24422467223819178,1.0939169602652077
0.6152991183293729,0.24436674145784576,-1.2687204600886817,-0.8865565355814199,-1.2956111358828828
-0.4943387856332094,-1.457054203190542,0.5043254204906539,0.006166879250282027,-1.4409006890828153
-0.5940219662073667,0.3191832519028962,-0.6417591766863923,-0.3647889537754142,-1.2813868447662768
0.20940891934905773,-0.7881719809081551,-0.0786792716946062,0.5111250773520906,-0.14631725590161304
0.2727339824255684,-0.00036285626974881773,0.7606497340477096,0.9212915645789295,1.9543124247824586
1.1023735570001667,0.021179715184034376,-0.12444265610200317,0.2683288393333469,1.2674394554155448
0.3141902624223723,0.7867098295521485,-0.5421273611750155,0.18974857711083945,0.7485213079103448
0.7812864047768557,-1.5637461875548586,-0.42442434122467504,-0.16330359181207588,-1.3701877158147537
2.3981471373909975,0.9254287611286851,-1.8377486962470073,-0.03192312279790865,1.4539040794747666
0.2351885450211562,-2.150251533695371,-0.2925261331370928,0.7383544663079927,-1.4692346555033147
-0.998297122585553,-1.0802699800237312,-0.1266523078623907,0.0973087030834412,-2.1079107073882337
0.34424996560427423,-0.4952759948098304,0.6716454328231839,-0.2549998357816571,0.2656195678359706
0.45398174222178783,1.6726395613630431,-0.11697574871021196,0.051885404633551645,2.0615309595081706
1.0509650722353623,0.4951433446415218,-0.7918218157022253,0.30270506593769064,1.0569916671123494
-0.6498910746183714,-0.25136923402123074,0.01432544755525531,-0.3781895436708682,-1.265124404755215
1.2306909441709284,-0.292669837041649,0.6305288621577556,1.0600722702117826,2.6286222394988172
-0.4682109120607982,1.0335620263318317,1.272274514520342,0.04246511748112369,1.8800907462724992
0.8873974879589638,0.9132953138774986,-1.4554104134756845,-0.41252062365590597,-0.06723823529512796
1.232219771822526,-0.5735957717269448,-0.18584128659281057,0.7138914328364777,1.1866741463392485
-0.4711002354285552,1.9589294945927043,0.8740316995364836,0.20381299988005724,2.56567395858069
0.024391200424192152,-1.0227830624553478,0.2642438743084681,-0.3403129403887537,-1.0744609281114412
-1.0718309427129105,1.4010773230234361,-1.4977051032654407,-1.5981607004899023,-2.7666194234448174
-0.7743096203537123,-1.5961255818006463,-0.19586330013279477,-0.027308447005047563,-2.593606949292201
0.11440775819416144,-0.8617737246201851,0.9663262307964665,0.7406996049277228,0.9596598692981656
-0.11036631192085801,-1.551165993192816,-0.44945590227445753,0.3922136799158899,-1.7187745274722415
0.2974575394823158,-0.9475992621224665,-2.341750841532635,1.5845114680315124,-1.4073810961412732
-1.368622564712844,-0.6681584588760486,0.9394442048079165,0.26107939693475074,-0.8362574218462256
0.3928260210712492,1.4590530767142234,-0.3958655535483078,0.5255910955554078,1.9816046397925726
-0.02260008974743219,-0.12037850811754211,-1.080477574529197,-0.8368971305828731,-2.0603533029770444
0.3657876044183642,1.5766503635852898,-0.7676886822164914,-0.3859253131219742,0.7888239726651882
0.9970775132257809,-3.2782147193990943,-0.3882973406635501,0.9242541691939244,-1.745180377642939
0.12701642685647044,2.4413914493724698,0.25579080582352826,-0.7657102655580209,2.0584884164944475
-0.6657666165025302,-1.5108783053485928,-2.387221591377647,-0.2177330073264964,-4.781599520555266
0.36779953375707963,1.061476167395243,-0.511300635196197,-0.588178677307142,0.32979638864898375
0.5913529554006042,-0.2656912158920167,-0.8313604317716445,0.06147929265214148,-0.4442193996109156
-0.1295785044875319,1.6224549095025769,1.104615398844167,0.53461488297103,3.132106686830242
0.8997846929485758,-1.3318047171147376,-0.4907869349462925,-0.7934615655364253,-1.7162685246488796
-0.009007457457182384,-0.9627041594234601,-1.8696957314144893,0.5314475323478511,-2.3099598159472805
0.4218578940926271,0.6016272201105111,0.5443917116028096,-0.1948797286716084,1.3729970971343395
0.43063194647172137,-0.8033689121874683,-1.1157590531382917,0.9848930774437931,-0.5036029414102456
-1.5384364456745157,0.2508880364258344,0.08397999480468021,0.2065552752255016,-0.9970131392184995
-0.0985117306126215,0.8072093229057321,-0.16988816084133862,0.8361736379034512,1.3749830693552232
1.3282520121087906,-0.8795448918759787,0.039932638551408495,-1.2321808553483713,-0.7435410965641509
0.32248444544065386,-0.42411262803557437,0.9849007976154684,-2.575728620804919,-1.6924560057843707
-2.2842164024358627,-1.215204383284812,-0.9242556916163441,1.3597841183917905,-3.0638923589452283
-0.6140191621888169,-1.3191637811949681,-1.2930315578251248,-1.5742878524085206,-4.80050235361743
-0.3208408230244963,0.06014669090683492,-0.5686964318171487,-0.472178843438825,-1.301569407373635
1.6061313826184314,0.5453135184914547,0.1337266325576999,-0.8287074033249084,1.4564641303426775
0.35267139434822836,0.25246024753158497,-0.4623632388781086,-0.48635066311180974,-0.343582260110105
1.6620799695905741,-0.7778007440220631,2.4692127076103034,-0.6548797045070298,2.6986122286717844
-0.6643390156203308,0.47253552765411067,-0.8398484819043871,0.2714588249969302,-0.7601931448736771
-1.001921421088373,-1.912248257501437,0.8880013804800875,0.9001931653866875,-1.1259751327230347
-0.6472314627668863,-1.3012420808330358,-0.7256376581792806,1.7317398782642062,-0.9423713235149965
-0.2777082047687697,-0.6221881038335338,-0.7640472625079643,1.671268394829128,0.0073248237188603404
0.1774332920272253,-2.136066844660332,-1.1814844479939624,-0.7492194408851852,-3.8893374415122537
-1.1257964866659236,1.0814078841329926,-1.2287434485113171,-2.6048573113259708,-3.8779893623702186
1.0523481909193335,-0.486889964110174,0.9285273971599614,0.3859640804257626,1.8799497043948832
-0.28651345277649987,-0.597634946552701,-1.0508705581418105,0.219426274770729,-1.7155926827002823
-1.3116470231361874,1.6513774893052933,-0.09363359551516486,-0.06290634890116513,0.18319052175277578
-0.9018651652934401,-0.08799704354888588,0.29260350337560415,-0.29610837464425244,-0.9933670801109743
-0.7087351542031892,0.19683012954817436,0.17638880162749312,-0.04016341610758815,-0.3756796391351098
0.25089375379014245,0.5989248121250842,0.0396820553912886,0.7676165268120094,1.6571171481185247
0.8363349568046029,0.3851602275832146,-0.9441171955831018,-0.7337857271498427,-0.456407738345127
2.844362014853846,0.35579934517115064,1.0464451155034884,-0.582492366779495,3.66411410874899
0.2047526153589872,1.316700903667008,0.7504365834935468,-0.6597437908529094,1.6121463116666326
-1.9971787229637872,-0.11927893044420158,-1.7823921465385835,-1.1425409480257074,-5.0413907479722795
0.019875450826333026,-1.2751749898014182,1.1351328470283342,-0.07766317423428763,-0.1978298661810387
0.17888215833807647,-0.10496760730850058,0.6263207122365348,0.7263409010011663,1.426576164267277
0.28833208252325054,-0.6641804253484186,-1.8112104222645913,-0.27714534382268574,-2.464204108912445
0.5730765508013413,0.7031400034020082,-0.765750312182966,1.3395464744205827,1.8500127164409665
1.6861986683830883,-1.0178775750489772,-0.6568987795827881,0.2513049518796568,0.2627272656309798
-0.8282586987678121,0.7344198877270465,0.5331493709653066,0.8647717295488241,1.304082289473365
-1.3780903734120973,0.9741565829467933,-1.2167647618837811,0.41732506538852354,-1.2033734869605617
-0.2783464763776366,-0.2745766496838773,1.7050621282047924,0.34465895652937706,1.4967979586726556
-1.115900302296757,-2.063383902830888,0.38428022144999496,-0.6615414213254198,-3.4565454050030695
0.5045312306911739,2.447717126624041,-0.9176749328423538,-2.2232914937847497,-0.18871806931188873
-0.3231582079667583,0.17682720026735543,-0.014761699651255436,-1.352753251993071,-1.5138459593437292
1.102689715415981,-1.55741039477747,1.5755423727567281,0.386818932279172,1.507640625674411
-1.1539728742269029,0.15563817948964268,0.292992533078433,-1.403428542092803,-2.10877070375163
0.4972151066158484,-0.7056976072855464,-0.29986948779585204,0.6389428231632402,0.13059083469769023
1.2426214765881727,-0.43042876811202224,0.08784337577589464,0.042295774950768215,0.9423318592028133
1.3004557684310574,-0.08031160947890285,0.21283591967309,-0.3555107409005865,1.0774693377246582
0.1157867179821449,1.1310320316623725,0.24716966589897577,-0.24710750467074996,1.2468809108727432
-1.3807645791152627,0.07458772985180913,0.597273951095071,-0.29335508272569866,-1.0022579808940812
0.9484942109044602,-0.5994105127165498,1.8974317497621347,0.16311596295429284,2.4096314109043377
-0.5019622572215022,0.16369590732579273,0.2532041594976152,-0.0918929031315223,-0.17695509352961658
-1.0126917938846138,-0.5740996348281466,0.5290539959018115,-1.866857195598311,-2.92459462840926
0.13756048212464816,0.2539994689854731,-1.6359830393883021,0.11843171278206123,-1.1259913754961197
-2.2337916247364706,-1.3734834005931906,-1.3677960754625766,0.975767728812819,-3.999303371979419
2.1121488017584285,-0.4266701980482505,-0.6900862869588935,0.21739802340936115,1.2127903401606457
1.0491150193392265,0.6559890540494134,0.40538349017647973,2.335736816918575,4.446224380483694
0.8797983850682124,-0.3814421917845198,-1.001094916082748,0.9289496925320877,0.4262109697330321
0.5627856587823641,0.26715931526481296,2.8407490587075177,-1.0550009192042682,2.6156931135504267
2.1005348380164626,-0.0020573365178779284,-1.4989114401643155,0.9924170145369305,1.5919830758711997
-1.1289068493631915,0.506443439307492,-0.6813302700763941,1.1535400939636082,-0.1502535861684854
-0.2622352864697938,0.1696842555443416,1.1698221090190541,-0.45604596562342414,0.6212251124701778
0.5116824854970285,2.8449959254994432,1.2538733114411396,0.17000078912609962,4.780552511563711
0.575347428712586,1.6056104733685341,2.0874483085976485,-0.22079330176413653,4.047612908914632
0.03566432250560491,0.25441900116716254,-0.03214572031304562,-0.4312356508757523,-0.17329804751603045
0.443571477768265,-1.8524839746937756,-0.8215193676403999,0.6755915577452662,-1.5548403068206444
0.6115897673422702,0.5184502382396717,0.08967254643241905,0.224445197403396,1.4441577494177569
2.410289215923087,-0.4114660061664574,-0.012710434687267203,0.4539799635989469,2.440092738668309
-0.1995830536561557,-0.5610619026142539,1.4384502906992969,0.7506929089092007,1.428498243338088
-0.5961907453861554,0.3092442092698513,-1.9801173543461863,0.7417585028984206,-1.5253053875640696
2.1644064479659617,-1.3572499221425303,0.8079843368132201,-0.13424895409989537,1.4808919085367562
1.0741258854610511,-0.9287721722284548,-0.9800795574117941,-1.0858107468906295,-1.920536591069827
-0.8084601371836573,0.5531359916028434,-1.1994719336324644,-0.771992067168611,-2.226788146381889
-1.0459027223302637,0.6430238205900997,0.4154644357392897,1.8079929432901962,1.8205784772893217
-1.5021604210376975,-1.7430046180730028,1.0083528565229123,0.46016296113980776,-1.77664922144798
1.7990861617495015,1.3406248176884332,2.246125640927109,0.9093816961715164,6.29521831653656
1.0863907662847407,-0.06178224914223289,-0.6128985632769747,0.22511225811926763,0.6368222119848009
0.36810369928133624,0.35726419709621593,0.05414883254866669,-0.4456857055413138,0.33383102338490506
0.21640366990229645,0.733955305851274,-0.42995508195808585,-0.7507045496956838,-0.2303006559001992
-0.4358053250053819,-0.1173439751986711,-0.4101742380763102,0.5980610259061457,-0.3652625123742175
0.973743434220291,-0.8072638635699515,0.1979135621913586,0.5028613464139365,0.8672544792556346
0.13138931773256948,-0.848968245297565,0.586795632152533,0.47543712333897375,0.34465382792651134
1.184956449806478,0.40010907110100014,1.4026426541522232,-0.9070309247754401,2.0806772502842614
-1.208298257824948,0.24583528864075893,-2.3339772651403763,-0.054733184144242934,-3.3511734184688082
0.4574840265868866,0.11035796846883754,1.2795292800026052,0.19175072632600348,2.039122001384333
-0.7525169711471803,3.5153367909826922,1.0384837038876722,-0.4209790125019002,3.380324511221284
-0.772161270928929,0.2532373071303337,0.09185569448872101,0.5911683359532337,0.16410006664335935
-2.62416493906885,-0.9121726274587213,0.9008034595591888,0.8057487605423352,-1.8297853464260476
-0.19719841253606119,-0.8715525225349772,-0.8808193970226748,1.095300975193783,-0.8542693568999301
0.26075717561746997,-2.475572125679972,-1.4832346592006527,0.6252149494641749,-3.0728346597989797
-0.20885650719272578,-0.008878930864551965,0.727835536256752,-0.36033245279032566,0.14976764540914866
-1.0967176667882224,-1.233195150096273,-0.1551414238465563,0.9023778349185247,-1.5826764058125269
-1.3191846641011025,0.5322567015720158,-0.832026847254573,0.41056699064743335,-1.2083878191362263
1.8291624382816392,-1.0168104095737747,0.5467062380285594,0.02334836064272333,1.3824066273791473
-0.4168864133930452,-2.49554075895664,-0.9029368515353655,-0.8657591165473071,-4.681123140432358
-1.6611720414925104,-0.633094711975735,-0.6091843678060873,0.3514178023485238,-2.552033318925809
0.10149162213486891,-1.5578171577375388,-0.26195093790807944,-0.3943698882818414,-2.112646361792591
-0.0075101461209789245,-2.709952190710588,0.3189195334666645,-0.9305720807572271,-3.32911488412213
0.9247053792180814,-0.6275083557693385,-0.015091936281509451,1.3806145921689563,1.6627196793361898
0.09072694112934526,-1.3483651883613514,-0.5547298011964513,0.004547875718183405,-1.807820172710274
-0.2561343150427818,0.5709949860467275,1.3305669071006636,1.4034027786229957,3.048830356727605
0.3715392657669774,0.0269505319655637,1.6167671592843131,1.4815129417557586,3.496769898772613
-0.27441582660060704,1.6828287160266462,0.21973108702194552,2.166706197091114,3.794850173539099
-2.4949496866878964,-1.595785427327324,-0.26253412457627345,-0.9224298544259673,-5.275699093017461
-0.11117086301779944,-2.7194431520076208,1.4651114039843474,-1.6805455400721867,-3.0460481511132596
-1.651525872017832,-1.8508933128277423,1.4444690285062272,0.5111491728524545,-1.5468009834868923
-1.0823922586339336,-0.8848271718059142,0.25833961820425705,-2.486912894228048,-4.195792706463639
-0.18840671005208956,-0.8548369109255255,0.35748035663090444,-0.6410468899718528,-1.3268101543185635
0.3356823466943613,-2.1570504058352324,0.797179047003596,-0.4599661465768708,-1.4841551587141457
0.30435795620045164,-1.2130250904472941,-0.05573628646385464,-0.6294799316438652,-1.5938833523545624
1.5862153681009903,-0.7678022776476426,-1.2625938347724532,0.8253520451821827,0.3811713008630768
-0.27624309875085135,-0.0010395641311491005,-0.4288719986977316,0.5550339727603906,-0.1511206888193415
-0.14364433694702367,0.7568143252281797,0.40064748556430496,1.48581845665668,2.499635930502141
-1.7148036391190518,0.11960882635703114,-0.7817354121084102,1.113857609483402,-1.2630726153870289
-0.02762530007855781,-0.5626624828247844,1.6692282007783268,-0.5630354550771136,0.5159049627978711
1.2126743196063503,-0.47083189057865393,-0.13166884783814375,0.6698344163197859,1.2800079975093384
-0.06410051215136937,-0.936007953694762,0.18546159962879583,0.15335570279627994,-0.6612911634210555
-0.41895001236496604,-2.1088158764255054,0.29945995247504636,-1.3534335403728288,-3.5817394766882535
2.2382281086395075,0.20258117324694933,-0.13196391284301007,-0.5166303307756941,1.7922150382677526
0.06898312999858244,2.4574139766355576,1.0258360317948994,1.0859436107341665,4.638176749163206
-0.9865392624157513,-0.04343347762397742,0.05469808618768983,0.4564656036459694,-0.5188090502060695
-2.034977011915328,0.9717655949261698,-0.009211651747279382,-0.4280869726057801,-1.5005100413422179
0.41786056275485917,-0.3670739319438809,-0.28713563127072356,-1.06286800268636,-1.2992170031461052
-0.48495238545004676,1.137375861132295,1.14176425890585,0.38825645931621466,2.1824441939043133
-0.48757376175314954,-0.8794991443583103,0.7614478564841178,0.7274134716047046,0.12178842197736262
0.2732719259195983,-0.9650129871450022,0.4672251624987193,-0.3450882264464555,-0.5696041251731399
0.23388362280186678,1.5608614929611715,-0.21453947308988808,-0.38715502141806457,1.1930506212550855
-0.718012016111389,-1.1038165584542738,-1.4834189950250762,3.3613630301312742,0.05611546054053518
0.20830725809857087,-1.468701915891705,-0.8677189794837729,-0.044893109514700984,-2.173006746791608
-0.8711832100478084,0.7676079735524853,-0.20714897097624974,-1.2753629998894942,-1.586087207361067
0.06549296205280614,-1.2485900552229534,-0.5267958098776255,0.5632226074840201,-1.1466702955637527
0.2314514681442155,-0.33430202611346094,0.44922817398066084,2.2483452194339524,2.594722835445368
-0.08287840578771281,0.20883823614868818,-2.477146819737492,-1.0181277143919834,-3.3693147037684996
-1.5863830862634134,1.6055197664505263,-1.3231581236480623,0.18186387076152932,-1.12215757269942
0.309214109526414,-0.9308922811911042,0.0671135162744008,-0.1418987253824038,-0.6964633807726933
-0.8384947833144173,-0.7371782442668566,-0.41477399034617674,-0.8193884152713597,-2.8098354331988107
1.330488550549582,-0.44685277281879227,-0.2514465438970239,1.9242787568706232,2.556467990704389
-0.568837903748889,-1.4085992529504705,-0.57053374630756,0.019973749342421278,-2.527997153664498
0.7472116642386859,-0.4064973568008555,-1.1052124543586932,0.526328424592197,-0.23816972232866596
-0.07460093998703668,-1.3325642708072032,0.026507241475329964,-0.41048490306546614,-1.791142872384376
0.03903944595887343,-0.9435748637567203,-1.3853314057209278,-0.2373983491738981,-2.5272651726926725
-0.09848009633356905,-0.39317374013699624,-0.3124265150268134,-1.7191615485685745,-2.5232419000659534
-0.00906262539723638,2.109464822718985,0.8913394255832089,-0.844569269712012,2.1471723531929454
-0.5806136699719138,-0.6124012335931371,0.5219636684269389,-0.021148597117299526,-0.6921998322554115
1.8548956057129848,-0.210197551476014,-0.23525641705293485,-1.04781296157677,0.3616286756072661
0.04238687005152599,0.3367982975659431,0.18894093682684132,0.20978812171752403,0.7779142261618344
-1.0656321705783642,1.261338756898841,0.24456315324506567,-0.6294605783931609,-0.1891908388276184
-0.4319745240704711,-0.5689929611019214,-0.4344960378974338,0.7416166535037644,-0.693846869566062
-0.43251987278310877,-0.21902434929811287,0.27130638766892756,0.12388590510693272,-0.25635192930536144
1.8460261123454265,-0.2557116629675001,2.575528026553218,-1.3548905846822978,2.8109518912488465
-0.9141232024805839,-1.4239174116938174,-1.3780670405926319,-0.14671516734965656,-3.86282282211669
-1.2811735449675974,-0.4094950775191125,-0.07475301169009778,-0.896519148729109,-2.6619407829059165
0.8468263004850168,-0.36004244241384775,-1.6115106295448953,-0.21958370499553273,-1.3443104764692588
-0.11534543708975602,0.06953874448154557,-1.9096454099969897,-0.17934146918315486,-2.134793571788355
-0.141809495292354,-1.370464220376189,1.8815731293670064,-0.8087473366534267,-0.4394479229549635
-1.1520916949405908,1.2585027555055321,-0.06309954667035528,1.5311495061499536,1.5744610200445397
0.0064020899217932595,0.7939076442842087,-0.7585665495997814,0.15040510244274372,0.19214828704896425
-2.6939633923887945,1.954296254541623,0.6019224313859022,2.0524835509384336,1.9147388444771642
0.9078250539994875,1.2744107574260708,0.645699853340849,0.6031239139705482,3.4310595787369556
0.33488642698211796,-0.44349524316631284,0.6986946337061513,0.6581627783185247,1.248248595840481
0.25877348065889727,0.7766686192986156,-1.2226745793770768,-0.29184517715865793,-0.47907765657822177
0.2866629517476975,-0.4118399605693044,-0.9084642791271064,-0.6920471202225454,-1.7256884081712587
1.6834428238515267,0.3148294209840432,0.10954413406894382,-0.9389431255125409,1.1688732533919728
0.3040138402021421,2.1478236423021015,-1.425710755812732,-0.34477041066346503,0.6813563160280465
1.2102299589238157,1.212581605374544,2.1152613382598098,-0.32158412620714094,4.216488776351028
0.341366941152506,0.9452873804644579,-0.1392927526060686,-0.9958610662223336,0.1515005027885617
-1.006368780493236,0.12857961138042479,-0.1740884636300749,0.991038239781374,-0.06083939296151214
0.7205430662283395,-0.5087103287566503,-1.3937513262062473,-0.6774764294933182,-1.8593950182278762
0.2882267590962578,0.17265118663853063,-0.8758399908551474,1.1598155401398123,0.7448534950194533
1.5867530370133212,0.37449522704942406,0.8697635916191377,-1.2632984791051405,1.5677133765767426
-0.7700312110626925,-0.3621173654053321,-0.7406111318984897,-1.2790818217650048,-3.1518415301315192
0.3293621503243586,-0.2755801558456588,-1.0285541500125142,-0.46625432259342786,-1.4410264781272422
0.7515308988502459,0.18838923259746737,0.3267368141858711,0.1501589206083753,1.4168158662419597
1.1693851645623472,0.7990670222456187,0.025895968876610324,-0.3619453075715827,1.6324028481129935
-1.917468450581322,0.5470603501239844,0.6825281339476685,0.21945753354984357,-0.46842243295982544
1.404124807223342,0.9702556613965349,0.16399709891069109,-0.01885410156116836,2.5195234659693995
2.0919243761697457,0.6980409573923325,-0.14722108638893544,-0.28792928249370886,2.354814964679434
0.8690305483367956,0.808499411702948,0.9880764113309853,-0.8992789484137304,1.7663274229569987
-0.31301128343841084,0.7048266195666958,1.3673642142616325,1.130921288557209,2.8901008389471263
-0.27951083494627116,1.7109179984956688,1.6207518918695045,1.4469293173130555,4.499088372731958
-0.3809877174540198,2.3387560838651207,-1.0671685630258507,0.2888956794752643,1.1794954828605142
0.009849821895731468,-1.587014013044556,-0.8114140362044051,0.7309036266140342,-1.6576746007391954
1.5106800764535806,-1.1791855471386228,-0.03638267545328546,1.4745761166772307,1.7696879705389033
-1.2971050305987273,-0.91470407077368,1.0572094948159725,1.050780569580269,-0.10381903697616579
-1.7778368744311879,-0.811595195539946,-0.8442113050527642,0.09708649426560391,-3.3365568807582937
-0.9791069105543864,-0.7049024041299896,0.9925441160527887,0.4187647581881748,-0.27270044044341246
0.4626140661016848,-0.4475184784265741,0.47183431018235533,0.3605138824468251,0.8474437803042911
-0.17232387486253162,-0.8919601802756317,-2.041220356861748,1.5218445519689385,-1.583659860030973
-0.42704459567428765,1.214575971738555,-0.11854968998634702,-1.9383884604066257,-1.2694067743287056
0.6788686523054274,0.021294303838517666,0.3541189568419087,-0.04306157654925984,1.011220336436594
-1.0398404451746035,1.2719961653552292,-0.37263762110385384,0.4659991109474337,0.3255172100242056
-0.17962879604509965,-0.39013568883394395,-0.7140571164402956,-0.2722389346583732,-1.5560605359777124
-1.1318825708439906,2.6613934441008227,-0.061874785497347956,-1.5568673312903643,-0.0892312435308801
2.006575263039844,-0.8682317139651996,-0.15406252113068986,-0.31099013470988685,0.6732908932340675
0.8870509922582983,-0.020818915039685585,-0.0667722993067356,-0.860344154238778,-0.060884376326900844
-0.9515720392160629,-0.6051833083705922,0.31144148771251007,-2.104366757164377,-3.3496806170385223
1.5297892333241798,2.420196436083793,0.16624590795773922,0.544542330769168,4.66077390813488
-0.8548095734470091,-0.2067603857028829,1.0202755056412511,1.1720935464147195,1.1307990929060785
1.6265434968892538,0.28676602299028664,-0.14197843638809154,-0.06216497934088953,1.7091661041505593
-0.27805683311008095,-0.6182428049047455,-2.1743440282017614,-0.24825400544906234,-3.31889767166565
-0.4924251748217004,1.1582904531773521,-2.260293464474308,-1.9535814869183037,-3.54800967303696
0.9684148294263072,-0.0941113841892713,-1.4597201665574409,1.6334632245130594,1.0480465031926542
-0.32027442468955697,2.717190305186909,-1.0087286151775436,-1.2779124029660174,0.11027486235379103
-0.4159326444304544,-3.017736082191313,0.7866844277107928,3.0645549036992836,0.4175706047883089
0.35258668969519963,1.5301587708292328,-0.00682275601445353,-0.8235223707093727,1.052400333800606
0.8053013734488593,0.5237631618540479,0.47888796161969266,0.704874381039018,2.5128268779616176
-1.2080626458346313,0.5035723498105896,1.4890170220238466,-1.000120490706378,-0.21559376470657354
-0.06413715919154293,1.0775331094206997,2.197217517176309,0.186676920513472,3.397290387918938
2.0747774118539994,-0.8973719315489047,0.7813750969940088,-0.5697228967376369,1.3890576805614665
0.3019328917630421,-0.9485740980518799,0.7575521495139562,1.3825227606249562,1.4934337038500747
-0.506463392683875,-2.416886008499394,0.03477865198819032,-2.334277311867292,-5.22284806106237
1.6467396549539641,1.2892676018823983,0.17066419690207504,-1.5209299055438024,1.585741548194635
0.11286189478550071,-0.5539586448819186,-0.1998406344477814,1.5369932607808692,0.8960558762366699
-0.2681132937567053,1.7049091973848456,-0.20318446795083056,0.0572887064534689,1.2909001421307786
0.15354679051462813,0.36515666792695917,1.913613433584094,-1.0917345091519923,1.340582382873689
0.8504007250914449,0.2795388587687978,0.24692344718417078,0.36601529598395777,1.7428783270283712
-0.21659914909456815,2.4340180484606795,0.8944223551914884,-0.35397837656184183,2.7578628779957577
0.10558321805711815,0.6547276592147285,0.6709014228162169,0.3052442007520751,1.7364565008401387
-0.0012384690175386904,-0.5284512172047849,0.18362115967777834,-0.06766680334000934,-0.41373532988455464
0.10451437037657385,-0.014778692531638445,0.6117217933113206,-0.2047966380863709,0.49666083306988507
-0.7131243797314427,-0.8674376643018137,0.31598427640562665,2.007000570636158,0.7424228030085281
0.5427022098828547,0.538747363657365,-1.679232723065351,0.6341833738203284,0.03640022429519707
1.9499963607695028,-0.6509272146753123,-0.5184455166307016,-0.20150713143870225,0.5791164980247867
-0.44945919153619673,-0.6218003126617937,0.3789970561443812,0.8648560924068042,0.1725936443531949
-2.5908251287677384,1.1147575477786538,0.5140701897337159,2.380559994350999,1.4185626030956304
-0.7300140295398208,-0.3705326745512817,1.015664559169621,-1.8634525201609982,-1.9483346650824798
-1.046285261928016,1.3843578370233665,0.06764059141343513,1.615092017378465,2.0208051838872505
-0.6336379564097825,-0.7811995884755453,0.034358458454528285,1.9546273791040447,0.5741482926732453
-0.14956957151775804,0.23272475993623146,0.8381039063332524,-0.7816421916197374,0.13961690313198838
-0.7483586696905087,-0.2477127539310241,-1.1090834672865606,0.15193865377673282,-1.9532162371313606
0.5743050541974137,-0.8650902354590781,0.6388620710888737,0.26498929744668315,0.6130661872738925
0.9661059604291099,-0.4048345764680922,-0.11552786291066591,-1.3642095829718606,-0.9184660619215088
-0.5366216647022248,0.5193260767803546,-1.0158030897150143,0.9195146247734043,-0.11358405286348028
-0.2617730640556516,-0.06739564812379555,1.8103305791432829,-1.373596457435112,0.10756540952872351
-0.12375818632846143,0.5490534778720196,1.4160685614015935,-0.5742530649198233,1.2671107880253283
