X1,X2,X3,Y,error
0.4683078929988313,-1.6385994271292246,-1.2425769434380032,-0.08652302432560938,-0.15880843363321934
-1.2401173503226552,-1.6769238070663646,1.585322693621217,-4.560415771041197,-0.05805192003095973
1.4561870376128632,0.0048432668955740756,-0.08851375480640425,0.6212826923839114,-0.9282613669309301
-0.33748215533090026,-1.7370997070006833,0.3256333809035605,-1.4878869411359839,0.9123283020991603
-0.7567104026324526,1.3663291726075062,1.7790550607035336,-0.6310738348780264,0.5383624558504537
0.8955427274235752,-0.894721440561709,0.9832472349000888,-2.8021055188716635,-1.8196795708334408
0.8672049569738668,0.7792018558661867,1.5577301820685585,1.2901972529747006,1.2015206222032055
-0.670318306183655,-0.09232848777908746,1.2031445335155933,-1.0189855845195128,0.9468057429588228
-4.543374270055556e-05,0.4969214490663228,-1.0302752013150895,0.6585684369920781,-0.8685827796466337
-2.3209371960351506,-0.8564171643100601,-0.9407484219385006,-0.7654187999290853,1.4711871384776247
1.1656916490286215,0.807084603841262,-0.6276922392661333,2.4688457688519336,-0.1316227232840828
1.003226132830115,-0.6053390046690665,0.7642931930638511,0.5007759283747067,0.8671819932775093
0.9635352112309827,-0.6769633068711016,0.7214656106292672,-1.998247625422632,-1.563353919153246
-2.0933780288046453,1.1461380860517307,-1.6445728741161765,1.94872992203042,1.251396990667158
-0.35950066725752616,-0.8948317372963362,-1.7512270267107424,1.5171986792769734,1.0203040571200934
-0.01399927104547858,-0.3261123332086944,1.0182098680852762,-0.3074734530101617,1.0508480193292875
0.4004998114885179,1.693313241904661,-0.5517202145368343,2.635567059516543,-0.009966208413469903
0.28091753572492856,-1.1293443030112533,-0.3426567249935114,-0.8832487221119059,-0.3774786798190925
1.341550668198219,-1.4328360405651166,-0.5511094965134687,-0.9349089032140528,-1.394733027360624
-1.605899101605943,-0.3399413053643713,-0.6828327217691313,-1.0314404174431748,0.23156726775800804
-0.22443170559486433,1.6013913197693197,0.06136502155346223,1.1395664831063546,-0.17602810951463854
-0.6903023933239033,-0.4229757753953241,0.5403420763270221,-0.41913188824537384,1.2344883568008758
0.18259887603773867,-0.01513910293064235,-0.07327299778685001,0.835333611401375,0.5946008405074287
0.5525814473332968,-0.972684332433847,-2.5340978469610818,0.6119165019508956,-1.502078459909636
1.3384608085862284,-1.471658410922776,-1.1811843852977448,1.2351137501765956,0.18712696721539843
-0.4984716015930828,0.8291690388164676,-0.31694138673134564,0.18285505135069968,-0.4647837726040308
0.6780766852151527,-0.24838524887614707,-0.6333805035153799,0.0224812313780125,-1.040590708476373
-1.8834975564015537,-2.170984637658785,0.26979600747102334,-5.760673179868357,-1.4363949783369951
-0.20435312875940592,-0.572961295880152,0.35256661775893294,0.11759586516000908,1.2474769075585
1.0721044530013102,0.010709683198325328,0.2729327327166478,0.8807429862929129,0.07086158280992519
-0.42502844166044257,-1.8020441877916398,-0.9725082800518208,-1.181220417545565,0.07334393185469634
0.3306014243081295,0.013578382379856587,-2.311680545575747,2.9120759834248,0.2562156311610666
1.0603985539723246,0.3952402694366595,-0.3414379040340509,1.8610011038752639,0.06392437643222884
1.0587128338577976,-0.09264822627896796,2.0256264787161817,-3.2802043337976157,-2.2206424626602637
0.8714481194329726,-0.6985106905704234,0.48842344605801485,-0.970385780496174,-0.6548997633007083
-0.14164725595201028,0.8632594202751935,0.38682368000706535,1.6174258416076284,1.2826373572915106
0.11198865162945446,-1.4257518199675583,-0.5572229186508585,0.023325058057649728,0.7798653077448952
-0.3479058135805386,0.21309919999094595,0.4896069409943517,0.5189820679918575,1.143395622575802
0.8487954173837138,-0.5345458616603546,0.2834830809028274,-0.3018100613325943,-0.3325765361531261
2.4409643812820048,0.600973815522621,-0.6454110822092058,2.1798566443580665,-1.5074926346557653
0.062132469221691855,-1.9486640784200095,0.3850714385308453,-1.3509676711800078,0.9206353765491554
-0.5983010333637353,-1.7795008067696598,-0.11081897418930906,-2.7656285545273698,-0.4986456885832837
0.020966049939220705,-0.536798494123483,-0.3554180138831494,-1.552203881791495,-1.391789451490382
-2.148587818775196,0.8419861266175879,0.9755872511558017,-1.620529728564872,0.6616592147485381
0.23847464616826647,-0.5452363508157377,0.2956665760264142,0.5772704257285843,1.1796987064024698
-0.9381657354635509,0.6476229944388695,0.7069444722894178,-0.7056419371065243,0.2918452762075749
-0.15675749040788114,0.3288989705614191,0.1358265988548912,-0.7888453305444516,-0.8251602118430984
0.0026191529385034716,1.0398205112167325,-0.9706224776428585,1.1318823156963078,-0.881179826101787
0.7601470493146001,-0.005228503299124532,0.21280858648129136,0.8385666307278457,0.2964566711936614
0.20505079607469764,0.11952957038392778,0.04003740716996657,-0.09536934856385382,-0.3799123078525127
0.848111067166661,1.2751097440102157,-0.4332370185207955,3.3242046396085816,0.7677468099109094
-1.502005372433523,1.2515150646422517,-1.3537124854497171,1.0079759619424289,-0.09524621571601688
-1.4569552046530385,-1.3784939016818722,1.1127625173978757,-4.024199999119131,-0.07598837538634463
-0.11988781665352113,0.18037100178134066,-3.350563763535732,5.433992779391312,2.0229458307277604
-0.5795936922909981,0.12390150184788061,-1.4209818801467042,0.861686979842294,-0.10360270986129272
-0.16479874712098538,1.6322780966686299,1.5324840458848883,-1.182283827340309,-1.1172791310030652
0.34764309998844656,-1.0237511519658722,-0.8450097274173879,1.4049505394902466,1.2360488640502842
-0.052672271901649616,-0.79778929847231,0.3029347532049405,-0.2693026489098219,0.8840936746690781
0.5652212812045432,0.729560860890301,1.6368940034759807,-2.1374915886849317,-1.7953797273037955
1.5722653026597326,-0.0354580017645187,0.6390358536909554,1.3160981213482892,0.4183266741440307
-1.0173787935031255,0.15128915952492755,1.128627124235447,-2.2073549519662685,-0.21263819375262347
-0.08846824533927894,-0.012860127984324121,-0.496023447958137,1.7778616127584068,1.383166538123873
0.3003169499149192,-1.9483799470306045,0.5577296010685635,-1.724494976903258,0.48129762128099046
-0.23044613552824755,-1.642601913502766,0.14821702849804047,-1.9236447508482424,0.0976203266808121
1.0462393525263793,0.722942284288276,-2.210600636534741,2.9588871063588345,-1.020895166990562
-2.4830728037953045,0.19802888343229064,-0.9382039143968962,-1.3460596485447804,0.0007803574213371082
2.070633056594265,0.046486066148982826,-0.544054161364271,2.8414116821339626,0.18023839802644356
-1.1904348048651707,-0.7992246142799447,-1.0791482332667417,-2.041351990741842,-1.1308408048634684
0.20157190204476536,0.44229030656180474,-1.954355575361821,1.6819341157123708,-0.9162836682560204
0.7080505340790788,-0.8076858647894588,-0.35950026283329367,0.4746261899994725,0.2147612578765588
-0.8233517867846177,-0.39492884505125153,-0.1651440713025553,0.36625332609667627,1.41938988662999
0.458672961093433,-0.014758757006894212,0.794950196957893,-0.8854955185648405,-0.5344595256934862
0.7075445059637773,-0.6549746497160627,-0.9821912246538755,1.8329894558391722,0.7982283749375819
0.5218220364298161,0.0057690901643526115,1.5491905484715944,-1.684960451691789,-0.6633610298143633
-0.9680686640712344,0.18644007568616758,-0.7714508357138501,0.2204683168884612,0.23064606955967787
2.0472423868994736,-0.2727221838756675,0.6314590954563469,2.8360093564695985,1.6929482489021395
0.21706843774073858,-0.6872229587935313,1.0853297416329286,-1.1688130074449803,0.38667125524074125
-1.2007401882343667,0.936396528856853,1.135556706105849,-0.0771248230469539,1.3227755424364087
0.6332959299683469,-1.1403854025028046,0.09413496168571994,-1.2516955570206187,-0.6504711228004413
0.0244300999817063,-2.2406864786333003,1.0086045336150105,-3.2621914388728266,-0.037330526606221964
0.4610701134046943,0.012123059077480522,-0.39167061748551635,1.0605827452050993,0.19571895523740818
-3.678328612245757,-0.26345152252799464,-0.8945260198523516,-4.820441004116725,-1.7731868891953257
1.3414966362534106,-0.6539678776219353,-0.6599845958352535,-0.36625373208229073,-1.7137670865490195
0.14067898991700992,0.6588255312200321,-0.20633751731972733,2.235295217803775,1.2294531793470058
0.1529073364935116,-0.21309097665353485,-0.6974114931903616,1.9648096397572026,1.3275817867268642
-0.4581767132756112,-2.595795337731691,-0.27509250265114304,-1.1482587542628446,1.6306207940933148
0.772432701988516,-2.158015095475449,-0.4753230607268867,-1.1404334426590998,-0.23017410989905343
0.996005472573621,-0.0182345673318793,0.33538167449044737,0.20157979391878572,-0.44080943683250867
0.26215612754435935,0.2430922710945106,0.09688438280732277,-1.7973152607971474,-2.2056792766286946
1.4143391396941483,-0.8414267617245661,-0.08086179103482016,-0.7212304841274326,-1.375004653131835
0.06587602251099937,-0.4103807598680596,-0.9426579328534506,0.23859760655744672,-0.3595555889389436
-0.4272115947674879,-0.4631817687284772,-0.7985673968873941,-1.2856385156253818,-1.1938125490168108
-1.0724770231496839,-0.3702741479907752,0.5723283794195398,-1.5660260038221459,0.4490535467378532
-0.6170790782773556,0.2760617630484292,2.052488878017051,-1.9451916154142193,0.4483145778317581
0.8230204120815547,-0.019945291548781437,1.46610390771068,-0.4132113519757835,0.2498174352021233
-0.10039156024836571,1.076004871342713,-0.24088848520044656,1.580315414167756,0.3638136178729621
-0.3704851701139486,0.3039209492052599,-1.4135962689989672,1.284762445420089,-0.062269602670189335
0.5267345258438396,-0.2882110165711686,1.2978770726601425,-1.5957402636703473,-0.5363867002828757
-1.114753925609717,1.8159616757212447,-1.261909415297356,2.4167406072760276,0.45362344186714404
-0.5422261009767471,-0.5045477474863884,-0.5168460637297511,-1.1179463758044899,-0.5880185910711054
0.28308945246027584,1.543413857847478,1.1197185157205554,1.3652095842375989,0.6584247896504003
0.5660386873496609,-1.4607102907892817,-1.5399537568887984,0.36751233613655626,-0.27776981731262135
0.501354560737666,-0.03480799061855682,0.7820920680342355,-0.5023970740940391,-0.1868515761789128
0.2770162017760072,1.8043598392195237,0.02820015230924068,3.2923242855631747,1.2391483968768842
0.4815166027715918,0.6115522828417577,0.2706181203659107,1.4874252697340535,0.6649745044866148
1.3850454687820306,0.4690184791716629,1.7888813523076545,-0.968571820846045,-1.033754416492084
-0.8189020092252121,1.6032106151984353,-1.31007014323912,2.5537397996997604,0.4593610504874174
-0.4971483428371644,2.2069472303806235,1.5261280501970846,0.5746737897741974,0.39100295242782285
1.24229345726537,-0.4120006762859236,0.9235690073421818,0.2264104962421954,0.31968672260493075
-1.3327447383618902,0.02638428262922655,-0.98909551037125,-0.37731212926597696,-0.060047183904563387
0.8835317912294147,-0.3303735801563732,-0.22569367608086252,2.231423187519604,1.4525713003656997
-1.7742430137725853,0.21008502940515011,-0.31651643189072004,0.48903024518536675,1.7366717976620818
-0.47941824059720084,-0.4500680788780701,0.2591149733577253,-3.2250194946745325,-2.036418201841536
0.7537238722655252,-1.047717813928162,0.5755573179495167,-2.6107267162443897,-1.741175456632236
-0.22575385764669054,-0.8598373946058397,-1.3573915638155678,-1.4236458660777564,-1.6954461776407939
-0.20339417189309844,-0.7589519593887007,-0.027212801905101072,-0.27289695488606736,0.6622363744906307
0.6833198220771062,-0.9023770063605244,0.12021047104956015,-0.9100671691532853,-0.5707995138203069
-1.8850100576089324,2.692640333330141,1.298882796908635,0.39651282720807535,0.8877653483955015
0.03219827509372043,-0.010908275381869701,2.580527145244307,-3.5323837221321233,-0.973146576599667
0.3895969538517234,-0.9560281253368338,0.3549092661420588,-2.7227615728576753,-1.8014211352305063
-0.2714847527369478,-0.1349968337379169,-0.5271904088210659,1.5246952371096647,1.4039864147634635
-0.6509806121682064,-1.4662583353074419,-0.14976115756193142,-3.165922893778558,-1.1984451038648412
-0.717962024629179,-0.3239413175085071,0.18650129336140847,-1.4679142777622745,-0.2395096422631797
0.432156643048838,0.8244493218838539,-0.9205369931239072,3.832375697759506,1.6552327397029067
-1.7663272625922228,0.9561942126392086,-0.17100968658780982,-0.5346927614495991,0.10443060191560544
0.38843196611577624,-0.26366126244261046,-0.8131684427169863,2.231728960114668,1.2937898137245158
-0.5087676316843651,0.2494546766720742,0.28170316443902965,-1.655291347315414,-1.1142752278640935
-0.32346912812436546,1.538305681354327,0.29791001009132684,1.4295918002783636,0.512665257139729
0.6971393168924787,2.424443580986099,-1.194631222348705,4.446950595900268,0.130736475672985
0.6812374039714348,-1.3406494780914031,-0.41089589996105175,0.06750410124702227,0.3160202754059388
0.23001046896231583,1.1469835699460662,-0.6632428688196305,2.269687492415889,0.22945058468787663
0.1392362073900008,-0.4056817709164205,-0.10647112340504904,-0.5914103539104008,-0.43143591378903007
0.8225408011485066,1.8471491760833931,1.0564320485552348,0.5996764141850379,-1.0135815144916271
1.929769923818382,-0.47749875673511477,-2.1089125474695467,3.871374242316667,0.31019052776385303
0.6411610858945022,1.3723326438670191,0.37711361855358383,3.51429265557192,1.8779125443639826
-1.0048333964171545,1.2098850738668006,1.0635395337361266,-1.5603225294778624,-0.7018346731913818
-2.159160626089503,1.0366041812640123,0.17504094059358483,-4.531101915618475,-3.233504530199399
1.9674983948030604,-1.1420337591068437,-0.9008959063896604,1.9266034991308345,0.20024295704495731
-1.7995584038833807,0.009803522609952337,-1.7161303222402227,-0.21296164496145217,-0.13933708592824653
1.2277100196423778,-0.9407506287417242,-1.0787685130543971,1.3286340984157594,-0.037093805539291244
0.8033316107109698,0.9664586806784042,1.3010775978762616,0.5218808353672308,0.0531681418541186
-0.4064999549406784,0.7435957921483721,0.8124000464339003,0.16889334243803394,0.6441975516642405
0.7058323907329326,-1.293335942162604,1.2605379406803487,-2.8604521927118194,-1.012410700601799
-0.8900595400016771,-0.8256423000211391,0.005253837335956287,0.6502256079767186,2.371181285335491
1.1932095356865366,-0.9570440179047298,0.3070401728396179,1.3696275816541865,1.4405022367119975
-0.5550256345682048,0.39408319622056837,0.042544054030238296,-1.2960737110022527,-1.092587218624378
0.7041321024205294,-0.4634973865771539,0.7801812896690392,-1.5356873962496618,-0.996140822423998
0.9952534464648632,-0.06779082100829203,-0.5243733169952788,2.3196622555141184,0.8678263130622683
-0.14127403758198934,-0.7864847241264663,-0.6190494298464115,-0.5594427587564474,-0.25073342689440337
2.415075200629016,0.614630067539703,0.013652980199425981,3.785042615887446,0.7689903279181532
0.4936995493228459,0.42033252264383647,-0.5387252142426584,0.8144590904096276,-0.6382981957997131
0.8024677920278636,0.5309403223015489,-0.4053693026978769,1.5458214922343994,-0.19295592479288998
-0.5033177317153741,-1.1627962452788572,-0.4862475439155068,-0.8409511398190429,0.3389152932596816
-0.07444128538330835,-0.480294473973317,-0.29106990457326243,-2.9306181240759153,-2.6669522692925525
1.3792038782276312,0.8007141228502206,-0.1400438011558979,1.9372074065456273,-0.38275439568812253
-0.843287236619297,-1.9678541286713036,-0.6666764380006274,-1.2921996742288813,0.8522652530610917
-2.19857686210445,0.4093667220106123,0.37269478912885157,-2.388698342789353,-0.2267934135666636
-0.3589098283452122,-0.603854111508977,0.15833880690504362,-2.860022815660942,-1.7389200689017092
-0.9274394025984275,0.2561427562047117,-0.3455541844426535,-0.2696809375428974,0.05606152440816488
0.32727202830502405,-2.0496041371305505,0.6419700294700109,-4.1816007540763716,-1.8172986157808344
0.5354653599955072,0.8453187220676186,0.49740476916432674,0.7310691822745699,-0.1523101306242293
-0.7805953496032388,0.2596248269481992,-0.6647282137744464,0.867829383556817,0.7240716924374103
-0.3452431752430085,-0.17233232929225623,0.7301080737129154,-0.07232255683136302,1.1753610214168173
-0.9577348838308761,-0.003640185497626805,2.0352658340684724,-2.9155212941867212,0.08111960921025405
-0.8996395956367323,0.6494848723540945,1.4921766988464107,-1.1961852440574001,0.5461461780716486
0.21606433839193248,0.30882372816340004,0.3473663841424512,0.48040977026749815,0.30288808785461685
0.6300036367277786,-0.8837755954092155,-1.4996380552053998,1.5269912721593557,0.28112517563539285
0.17548011299600835,0.8509097811414585,0.807372258003468,0.7742120263876556,0.5551943902536567
0.962666017538046,-1.1198577392917701,-0.4945592356283784,1.6252804360132875,1.2879129221386332
0.9993122780977173,-0.02041646531087164,-1.5503899035993003,3.9397702450649037,1.4104845286787582
-0.09079433256748776,1.5436812582231723,0.1681100071852569,0.18721507775585322,-1.0975618407145744
-0.5820195029687044,0.8497806276138675,-0.4157673850063482,1.3903913919826913,0.7068628823311801
-0.98029630137946,-0.21174762451822648,-1.0277813767839643,1.3533050127987474,1.5175675619124696
-1.2895444786301742,-0.7887248579638729,-1.398717337836047,-0.4061226664544287,0.2734293323035714
0.127373340022351,1.3641808414249847,-1.608242603705497,2.4441300641864574,-0.6556667209663756
-0.2453682639362524,0.01962991318590669,0.27072312414097177,-0.7685963248258769,-0.2721348499345594
2.166297943335096,-0.10655629246018909,-0.4524472585966133,2.8764114847973947,0.36422257532587476
0.10948160790421943,-0.9826367951134404,-1.12875882253397,-0.6681364399053142,-0.9237400752300633
-1.464620108054984,1.2616202182871448,-0.04689455418852589,1.3822050160177257,1.538310351597039
1.4461969509568107,2.397786367904135,1.061550584337526,3.3346106936936586,0.5521779591702387
-2.2234824528712345,0.30582648745438035,0.8342580230631915,-1.9654628427183918,0.7864511457616536
-1.4010075537348057,-1.308114661248441,-1.8155336882799296,-0.25021701950140673,0.6433715072019103
0.3574515021439411,2.3682964344870956,0.7567596638453608,2.6127634678025835,0.6437751950169075
-0.03133671067587434,0.6325095464980912,-2.0700240182369316,2.769043347356018,0.09784649329686967
1.2914378252956655,0.1927568606200648,1.1507207267201405,1.5984495892722514,1.2649756300766615
-1.5058658824599584,-0.5098179060973256,0.5884202226782869,-4.533801569964614,-1.9296975587290428
-1.244791284083192,-0.2297797298442304,-0.10380331744604494,-3.7508565485050562,-2.3800888520236785
-0.6244216022403023,-0.28009320245509917,1.82616788124059,-3.2454575448673206,-0.5147748589313292
-0.4421543220402807,-0.2798908852542846,-0.016745440394899676,0.3422163540216423,1.047516120921308
-1.4814360179342145,1.4628317116629004,-0.22844271438218128,0.14126224646273092,-0.06857616164813621
0.1990144200940307,-1.0472845225342935,0.5721212779741113,-1.5047092971357197,-0.08431791672134537
-0.6254729497152544,-1.494133040181835,-0.8152672185554887,-0.46694362159496283,0.8373951497466375
-1.5300675293955235,-0.7184947624165957,-0.403441865721877,-0.8139988475660089,1.0311215785242331
-0.9375736183617582,0.5151722091140148,-0.30946603385315374,-0.44869054541049763,-0.335755170015908
1.118742988301588,-0.039415725580892694,0.773541475009336,-0.14808207085499003,-0.45386785856634937
-0.459670778777514,-1.1877056773693484,0.44123701914371877,-1.1989485164003664,0.8896649588902148
-0.1817733372210688,0.01892847190273929,-0.9394994703479908,-0.12255247714968065,-0.8992070821793419
0.8975924890599486,-2.181681749955929,-0.08354767914109343,-1.3482917784745867,-0.14775019671969947
0.2801826491722689,-2.254180972896034,-0.6131971895974841,-0.5402659061053642,0.8205352280209165
-1.0968210800116867,-0.15474467699210687,0.8598470754775621,-2.396431315812395,-0.2850184833310398
-0.34458290937306174,-0.5251237665001015,0.34101102507443604,-1.7508594301105025,-0.5401417291629032
-0.6533303389654672,-0.4648373368317974,-1.3815102086464344,1.4188907161527695,1.1555481833035997
0.1451677125187712,-1.8409739402288114,1.1034588481834624,-3.355769938647934,-0.5565048627544316
-0.6034491112828312,1.9970623134724619,-0.10142160392055975,1.0560059740929726,-0.43902883201721776
1.070731468956246,0.6161169699642339,0.49284050132596174,1.6219694119550732,0.42796147436055504
-0.8295729439048248,-0.9077563740877339,0.4494239277948875,-0.17985160280504964,2.0069016429823967
-0.5553249392775869,1.8493347891985226,0.9356016095160106,0.16594437013418809,-0.19246387027073716
0.05769130327672994,1.5651582968452686,0.7682806255717711,0.8678510220747481,0.013282047524520708
1.9474716584917335,2.2745089622981594,0.274767839184221,2.6260089396513875,-1.321203841954284
0.7935987309785112,-1.2631715508271464,0.006444357428435604,0.1460107860897899,0.6220279633668607
0.511107633408223,1.4290070974537268,-1.025830260931998,3.0922442894454285,0.12629929765148054
-0.5777169762829508,-0.20428439759805034,0.11572086332944444,-0.4117611163784493,0.48596112083199633
1.0566640522501145,0.16076660358073466,0.7268847968848487,0.5263162727502991,0.03577041380429873
2.149950920069502,0.34751755545568,-1.7940357573616674,4.087902660743716,-0.2036015721431329
1.4841609957840725,0.34313114375369586,-0.347503510635969,2.9713972971810847,0.796601647007347
1.027334909278066,-0.6999300204993545,1.879475048715202,-3.150512637083148,-1.5984424771466572
0.7537452428620435,-1.5432003046291822,-1.2678695381688045,-0.5063146230687037,-0.9847290994703695
-0.7103957172008069,1.4882436358638182,-0.16878893259390798,-0.680488488668368,-1.6271253399252874
0.436276390842337,-0.27332070287673815,0.1825078568862125,-1.4778036509964896,-1.4582514820758758
0.6918658510634259,0.12325900811973832,0.3829839705431655,0.8482649539588307,0.41612406531883195
-0.30047977169269596,1.4678727976924182,-1.3594793985669698,1.1552721545122717,-1.3716002700544203
1.9616268030717452,-0.6467869192805309,0.20147246660285908,-1.0969786810932294,-2.2103460982815846
0.4064095935164142,-0.8091553886823373,0.6393041907177223,-1.2391417418327075,-0.19709175594906217
0.8992444446013828,-0.11302805972193268,1.6293491024078721,1.3616129940425663,2.2047457115709883
0.21645253450664012,-0.18770041665897316,-2.0939646075167624,0.5946895422982463,-1.5280271830661831
-2.1523288725847682,0.152699336323068,-0.484491561133272,-1.8482697908086565,-0.33313181568022837
-0.4147989256838461,-0.04583693442929527,-0.932766674454204,-0.7557921999291886,-1.2279230142702513
-0.10569430135748659,0.7294562711414269,0.0844537267395653,-1.53091361728778,-2.070221860332155
1.1413871334697816,-1.0799549403066528,0.010339684370850888,1.5902875375621361,1.5391950287698584
0.23777532726144812,-0.4705598090388137,1.439044108592857,-2.220890406332966,-0.5490618159627437
0.10834948664875599,0.7276553890276807,0.48437208938311743,0.8417104962335599,0.49007770994024064
0.2910833338672772,0.47762277526450775,-1.1658463468463183,2.7817426834757994,0.8471902274976961
-0.1776238030989388,2.558985108067966,-0.23664420765248367,3.8403567939542826,1.222351281332772
-0.7771409647344245,-1.1152685484804123,0.7871697962250156,0.03482514608394105,2.7144044555237934
-1.2983633652197324,0.14322851121312277,2.4457177944463897,-3.1816190974893352,0.4192335509636641
0.24018369269045284,-0.3450697810249621,0.26825446148876214,1.247103656790137,1.6202442066134084
0.5809807583786818,-0.9029928019008798,-0.6341388193390556,-1.8671627319061423,-2.179289507723
2.824169105303024,1.088393507395834,0.5399606678453932,4.0858462299107945,0.7132442850573295
0.39420221879180656,0.07925753715263249,0.7942021518232192,-1.9667874589517222,-1.6460450630729422
0.6708151896241051,1.1712834240566814,-0.5882648710801562,1.9272596603191439,-0.5031038244417989
-0.29958322568047147,-0.4557396533396654,0.21807088248688286,-1.2642350345588227,-0.2908412730518029
0.498159650711174,0.39597183285402804,0.4157392071491273,0.4950393482049714,0.016647071788896645
0.8707776294964896,0.5606142683250241,-0.25690611845324385,2.215191958066879,0.5268939417921217
-1.09691246320353,-1.6680560883280122,-1.7933656241597347,-2.7439550962100467,-1.772352168838239
-1.4467614439262706,-0.4515431880889639,0.5359724401562131,-2.6739921789340815,-0.23971510676263438
1.1696857409977957,0.34641734216551096,0.028941118404174817,1.2204279501375002,-0.2667340146216318
1.1984832322732513,-2.0799842994178435,-1.6616164670359632,1.8981268162383755,1.1180114163470045
0.38602806932208317,-0.9626533975572159,0.5067747104255979,-0.908734134040664,0.1746659046200667
-0.9216101380659231,-1.3732377128876088,-2.0304819797248217,1.5114214472800347,1.775787318508745
0.2870712987577386,0.008888242203728828,-0.2668867498233015,-0.2780988279547345,-0.8409451187395034
1.8992135182185101,2.5061424138097013,-0.29692006019762707,3.942166963229071,-0.7601090289967675
-1.7758447551985275,0.5411421232385315,0.9613095705517075,-2.6044074634016345,-0.40839526088993083
-1.4622079451609844,-1.178895300559064,-0.10378841145644273,-2.7667226683303356,-0.22940783406673002
0.1141141314375904,-0.21874184294428886,-1.0387231844743672,1.5821707887023748,0.6480753157347061
-0.012312352814159898,-0.13243030179929635,-0.08023955457062643,-0.8238855006757837,-0.7593824006329538
-1.3202954116065226,0.4643492052414774,0.3383428047594562,-0.5807109616121405,0.613578049512361
-0.8782377849739232,0.31887201234553475,0.4330578781151015,-1.7411938846282213,-0.7487702338847312
0.5530771386678504,-0.9267128011957921,-0.6056849534162183,0.04583664949574967,-0.18621264139252686
-0.5341705431433045,-1.5758937869224023,-0.44173632685103786,-2.056434419169815,-0.3881064159551464
-0.8264399351106052,0.5075807508072058,-0.6115283284227458,0.7239232353637752,0.43125409124442876
1.5555571586999162,0.858461418579097,-0.29958078137589517,2.1193124662326546,-0.5942868924222537
0.19496543184177634,-0.6692299306408094,0.5254359797791323,-1.4491413934580493,-0.4494409148798839
0.30550084569513897,-0.12160684123548504,-1.1081735936226833,2.021025679966059,0.7289580818837215
0.8743291366600172,-0.20113857196199672,-0.40744620297049067,0.33309464822645707,-0.7475421194420541
0.2911723247831935,0.1494450159267097,0.6133606831747705,-1.2311048189605929,-1.0583614764957254
1.0901622750551616,0.7843427593722032,-0.11542594794891187,0.6536377903921327,-1.336293191984144
0.35705357519668524,-0.7218616265919536,1.0839599269986793,-1.4247247611759724,0.024043217217975473
1.9299193051818853,1.1503268413246779,1.8117920288334814,2.644471629943018,1.3760175122699363
-0.515374315496243,-1.5669707306302438,0.26189461965825095,-3.648057859026582,-1.3038181932418442
0.3822287464736493,-1.4929390338510482,-0.8714468973101829,0.8417074857988945,1.0809708758661105
0.008033398183797254,1.6806569451676283,0.8378505751846197,-0.910063301158061,-1.7609030693248668
-0.6946804694589828,-0.6586190623265699,-0.21974215440151054,-0.5667816486707653,0.5667757287132769
-0.3436821790190754,-0.7399970930392242,1.2149673979892974,-0.9705720052526878,1.3280746647949089
-0.7588412548917214,-0.5962116539105691,-0.9755979322201711,-0.01246279650472637,0.366992180077393
0.16612039071369644,0.6708282908662482,-0.17726904609263466,0.02549440888863652,-0.9887233187839427
0.9945594121024701,-0.9430259494489084,1.2701375816460478,-2.4805475279326856,-1.2619434089401997
0.007978905994886779,1.1778902543817442,0.5643490493580928,0.2998284325968874,-0.3216916784216507
0.5529288716985049,0.502510067022325,-0.27948172313471104,0.9666805286852211,-0.36824013317032006
0.3473851132217098,-0.520902886994198,0.13765422459127793,-0.7759546374586287,-0.4647826390948626
-0.2993981458896636,0.3431668032575901,0.42238611211046134,0.1890956451372044,0.5677130998797393
-0.5202361092764615,-0.2550422529339612,-0.2517215029004011,-1.292775100193633,-0.7692182408836113
-0.4009770173871616,-0.40319869210306597,1.4297567799219324,-1.5755363695408398,0.6583961198713201
-2.480041501633779,0.9266168757812283,0.4649705796023354,-0.9335799301408434,1.0848152753140425
1.5675083587328125,1.9051226565872597,-2.049202437152975,6.521837977545622,1.000004525072575
0.04865440484300406,-0.16047769124504355,0.5203703215951855,-0.748809255815974,-0.11661564781874902
-0.3084900762889239,-1.0954694539722614,0.30055460364066905,-3.7448987858381626,-2.0403846519363085
-1.316807757349954,2.283490094698198,-0.07961011759130994,1.4310433680538301,0.38475091311427584
1.8212934037131652,0.7046702536298657,-0.10754900042650163,3.094599625688143,0.46108696791861076
-0.38049753496740396,-0.3258418123127112,-0.7627052683522642,-0.23682641895875123,-0.2931923400309002
-0.12383710923058307,1.0651252387727013,3.2024059428856244,-3.0819424362649084,-0.8208246229214019
0.38076865404678734,0.840833383141581,-0.16660063906539324,1.9600149731012346,0.571812296847473
0.82937295749058,-0.8690104234016829,0.30039594183876317,-0.8172304362477267,-0.4771970284978608
-0.7188929232486703,0.5933337502556053,1.7801295114822056,-0.6522147852000737,1.2534738992751968
1.0702897189594216,0.6017088295066093,0.5704954981836715,2.4364138882239423,1.334910837941583
0.0165861186274879,-0.17091659035389659,-0.4221963923172627,0.7642016652229076,0.4963357446320535
1.364184550059136,0.5357120457656973,-0.047780342304683,2.940761174056883,0.9930842359273665
-0.0681148638653304,0.3021412377919417,0.43529303007891146,-0.13181277691921006,0.0694538792330901
-0.3902617711969795,2.0826156423229243,0.5779236190779324,1.411010089261554,0.2965798372135418
-1.612514053606064,-1.8289629697776406,-0.28227773590078714,-1.4075380663486114,1.7516612211343061
-0.34431201514177606,-1.6239776198618143,-2.1645935733843396,0.7760326478463908,0.5797287094656416
0.5254584622592401,1.0079360319935156,-0.537100477275802,1.1364321739313703,-0.9340627975971874
0.714619229047422,-0.43521571577082174,-2.3677395995339046,2.7753126511555184,0.12816953834501385
-0.2397432598044647,2.458871880812916,0.8973054991529855,3.0172319270085857,1.6954088051531198
2.6946271797625236,-0.9015564517835687,1.333288164438276,0.9535308310605499,0.49374826751987083
-1.8065350680907262,0.13453059742887527,-1.2360562224148872,-1.078657880200332,-0.6427096319533683
-0.11322496862568997,-1.2944568594561265,-0.33885007813643225,-2.945844074972756,-1.8770123250273718
1.4546216598692847,0.5777539430342497,-2.001201231440064,3.781367062875904,-0.2522097714676949
0.5929893205274245,3.11165441618031,0.5885658992273841,2.1057983392713338,-1.0102794982090166
0.15883432522005522,0.6181267267664735,-0.2699099621967591,1.2159310332668656,0.16906001908357787
-1.816368229702118,2.072082401974695,0.1795287747324935,0.9478131560741221,0.8716277585340387
0.2803927835167496,1.015011706431454,0.006615967913836814,2.093944120813222,0.8051555987788551
-0.5737740139549302,-0.7088210997935922,0.4579292925971841,-0.5868013387508453,1.153723067594861
0.1601759468492337,-2.0389613837525595,-0.8635973316926084,-1.535974260335231,-0.5207861551245135
0.9938452776473793,1.4817220850976862,-0.44820276982665685,2.541682033237634,-0.38208809933408794
-0.04222681277268538,0.5349236944616726,0.4738739678506459,-0.41335817084469284,-0.43218108468303423
-0.31168797316357316,-0.27818960781943636,-0.13312864605312752,-2.0000982594926975,-1.5433493245628154
0.933854537102595,-1.4384642626905504,0.5194357861544403,-2.3984700628091162,-1.3744245510667206
-0.07911782576493649,0.7039712288438592,-0.20034977396503756,1.2722879886107847,0.4470848115668244
-0.7674441114252142,1.3795267007063403,0.18404786311236132,1.3885756919435799,0.9605409657748151
-1.0672596453494763,2.0952784308519705,1.2678764970639005,-1.9646996378626393,-1.7248419263012331
1.0073850974572545,0.5433963391046208,-0.18979711105310262,-0.03559944969187123,-1.7761779973068492
0.965830845912831,-1.159153102985484,0.5743909351493679,-0.023264353550794148,0.7444488386712268
0.7174231203263162,-0.2073789020932638,-0.08791297526751757,2.0663029074963344,1.4683457139957645
0.12088630775135789,0.4691702195588282,0.7503581637598624,-0.2582328185237712,-0.09793118207409489
-0.8455528422970203,-0.07098492424557529,-1.8782434678150197,1.447418042520145,0.485712341247721
-0.3676536748084981,-0.5523211750789601,-0.6314552289192689,-0.25000505603924295,0.038514564928946324
1.9454370906614424,-0.04346329797756635,0.327469713896854,2.2445956977250336,0.670091618938012
0.14406283908441453,-0.8103794465413694,-0.4830630156630144,-0.4594960595910922,-0.2762424677971517
0.7645029191388114,-0.5343471369227951,1.1718110570910354,-0.7958314521958595,0.14582382267915964
-0.4508910193919098,0.1809777885097852,1.4235967555232876,-1.9890091222407762,-0.295499135835364
0.17052505089182787,-0.05756190886504567,-1.6012378549147528,1.1306810512778287,-0.5835199456637065
0.26591406500220116,-1.6252861999622525,0.7391916964603654,-0.4564108369651778,1.642152994455239
0.05361585394743499,-0.413539127488325,0.9689214756895811,-0.34958232451305626,0.9792624247174149
-0.05418274426079632,3.095510483128268,0.4720329363016009,2.9992297936323893,0.4299349910665184
-0.19170495591232398,-0.6709596322048702,0.7352095775590012,-1.2931057115908546,0.30476845408534087
0.2581865956775569,0.9443881494924661,1.265844113169989,0.03318318627347677,0.09645255427344263
1.4051013873200193,0.11254978307040367,0.8758360728187143,0.6931705483541968,0.051355450782488175
-0.03925884558485106,-1.032606320997418,0.4152192997580836,-0.4768003867776094,1.010284079562743
0.1188560296783231,-0.4054831014864879,1.1166896378780589,-1.4516624333447377,-0.048345723658513834
0.43028583586239016,1.466498297942681,0.7023172009866087,1.8360136582246656,0.6415467254062028
0.25567991810060475,0.1412077994909998,2.13492036725541,-3.995887367711237,-2.2578547180474318
0.5651391061286627,-0.8166014986902438,0.47683129596353685,0.14973434496165028,0.8780280334867682
0.5851027378325825,-0.3860663138620934,1.7594723026152415,-0.6864799767202586,0.8739559019244937
-0.19529887589094735,0.3336262780559237,0.33274905004631694,-0.9046256235844339,-0.7102039757030933
-1.1171996872408174,0.2665397738256233,-0.12208405190156359,-0.5346657584115185,0.19391010310211196
-0.06597812640829012,1.4103847769289874,-0.7292226773914852,2.875261296403739,0.8016319684915565
-0.8848637145870163,0.2464554551130115,0.5601630007470412,-0.08614282900155756,1.1124284312194883
0.41041398466354345,2.0806976939919624,0.45219108413851145,2.102764751221433,0.06384415670443858
0.42113271379312667,-0.7016560454394416,0.3517230268845337,-0.7517803658500256,-0.119534007319177
-1.024046401254194,0.7432265492988461,-0.9595652982804794,-0.5495862313432396,-1.228331677668371
-0.45584431193855973,-0.7311206955032424,0.2763863733826459,-1.502387721045409,-0.0390363402209611
1.523873066327654,0.005194418168662013,-0.5488467799506976,3.2834500418356645,1.2055357773886506
-0.38630172671023544,-0.7929415321520854,-0.7114695099251942,-0.6141228460751562,-0.14634909713802952
-0.4871004375597535,0.27140078048604477,0.032656039408015924,-0.7972000895717573,-0.5488443930900326
-1.3911787142242917,-0.32717305898386345,0.3453674234853257,-0.30760328831463424,1.7561159083788467
-0.05870836106032235,1.5594301022719919,0.9391610812520795,1.6964281948400215,1.1348675348804314
0.827597726104921,-1.0650727177648187,-0.8939030576115551,1.5507025250753328,0.8942744591236755
2.1396901875231773,1.3438901664916465,-0.19264354024613875,3.8841182626330344,0.207894368372072
1.3022676828480686,0.6217672774085109,0.8166006584439037,0.6587595402679847,-0.44867476154469105
0.26164442228961843,0.5186020497235221,-0.333432647584419,1.044279456367734,-0.06939966322982559
1.0147303241270877,-0.4763246280555421,0.008828467794302682,-0.3334351602173963,-0.8630123884946392
1.0923542199358385,0.052022770284381126,-0.6541707223768556,1.3766949698276365,-0.4218527427694387
0.3340082136076791,-0.33469475362099177,-1.2156849403566286,-0.2933993523163334,-1.5083977526596493
-0.21973380836182993,-0.633960166886197,-0.8644541800444241,-1.61489670621027,-1.625656911006667
2.53396720829474,0.08274442517341492,-1.2514598498218588,4.559609164266352,0.6914376809763372
1.4074215042223694,-0.7023494030340871,0.5218156573495145,0.22135979051324564,0.03810334667447781
-1.202735793610403,0.9040971527496368,-0.2843463973569597,-0.936814474894254,-0.9225222313904473
-1.3193445968552728,0.8046629923461825,-0.26700691319858855,1.11591351694378,1.3635882082542816
0.6085111212728183,-0.7154810264135006,-1.682557201361402,2.7310030146057382,1.1554157183850189
-1.126169078745822,0.302855746380651,-0.6852458226417996,-2.0596895521903456,-1.921622042466974
-0.6443778001443518,-1.0487649440021385,0.2982964696491537,-0.8790040674320174,1.1124351463636264
0.0886831031576253,-0.9437462630216314,2.8122398807355093,-2.8992466860079746,0.7680563545915406
-1.492513582174958,2.343861895502521,-0.12238763285616647,1.226568662737381,0.2528327165536515
0.20037328444527186,-1.9203307659120037,-1.0521805594604408,-2.6985375901598427,-2.0307606681535515
-0.9379061295473777,-0.6838384144921356,-0.48406007360247105,-1.3183029385478673,-0.18061846811082485
-1.7882993595495302,-0.74067995666815,-0.881803724296246,-0.3476941770064861,1.299481414914948
1.8257736376314566,-0.2290655599029696,0.8027403053705263,1.2435695277893624,0.44960175543140174
-1.3652239586538044,-1.95665177673186,0.22687003101413006,-3.662502801125746,-0.11375703472595144
0.5550874591857727,0.5438104818053433,1.5809098558861863,-0.276078369955199,0.2059335449398711
-0.7169315798774807,-0.014980442158553145,0.5275436163132958,0.47049697291653025,1.7299526112658599
1.6000989085825166,0.6808245100099776,2.584482626237218,-2.1811762169116244,-1.8776170092669002
-0.12372452879216231,0.5789735868646073,-0.15294781829299522,0.808696647572977,0.20049977120753684
1.885439264697854,-1.1423944459811284,1.9894681801039118,-1.1006794096624275,0.1457439517247588
-0.35875360702754217,-1.5640147900043524,-0.8928528591333541,0.09519156800494133,1.1251071059034816
0.18264291964909993,1.101451088153792,-0.1323652170012654,-1.146091598718711,-2.5625508235228684
-0.5266707654080124,0.9900112355721713,-0.8384068236404543,1.407114839999775,0.10536754619516168
1.0451320107850588,-0.36638575997824235,0.5480076814957051,-0.7563207714341434,-0.8870593407452548
-1.8041366361300848,-0.5854475083074412,-0.3950078982003258,-1.076043785721449,0.9185324605157512
-0.7929601894203119,-0.1267161548737178,-0.5843175925868457,0.9314081888786262,1.2667669405858102
-0.9216765677152188,-0.4431907728896708,-1.1437181428688332,-0.10482879159595743,0.11632040614009881
0.38861865821763575,-0.3643050064339694,0.24877291110276872,-0.35400858185219763,-0.12954932253309528
-0.9924978563309914,0.9149410603769514,0.2104832844676833,1.9435770296165238,2.231617110038247
0.32553390531006016,-0.5866979973100505,-0.6310809266015687,2.0725837216986194,1.7026668870970412
0.5274089543247308,-0.34114391222236595,-0.26032840769227544,-0.10697157013884034,-0.5535650199334806
-1.1677125121329914,-0.1147529663738577,-1.746584598086418,-1.2310343994894455,-1.6951535190690143
0.03342385625223651,1.369516627438738,-0.9098109002484696,3.4145978760128086,1.1018464920733642
0.04752797743628807,0.6831430593356212,-0.8534256302055572,1.7225509837807156,0.13845431680324896
-1.0721328682871958,-0.9135896075129764,1.3525104787250868,-3.8313891354552614,-0.4931561809300026
-0.2611085944447549,-0.08927836374316794,-0.5664165700134258,-1.2503727565647351,-1.466402368390238
1.969483256796013,-0.7997368915724029,-0.23749271983358441,0.9430557128042751,-0.4641833722529192
-0.2490815897065571,-0.6830148493267229,1.413149840533363,-2.6534136406793443,-0.3081673611127011
-0.9655779873270889,-0.7292932178500732,-2.161683960517581,1.3673814259968264,0.9005686706564073
0.3495121046612493,-1.557250892363016,-1.225248945644406,0.16455005813966828,0.14703990019702895
-1.321394229254881,-0.41438665587989304,-0.4678159096047511,-2.0506645398628387,-0.7826995643328157
-0.21705922473280725,-0.39831743214884074,-3.015011439640332,0.6551775989792752,-1.7444571837794087
-0.49242279885776696,0.08639386057913795,-0.14486055339933948,-1.1633442049736775,-0.9021758200943881
1.0006248965951632,0.4800554430020423,-0.3286335584176068,0.20640444828246007,-1.6029094497323522
1.410907911873444,0.7124356655374747,0.7006535345380008,2.147145361429038,0.7244553185561202
1.1016446312249373,-0.8588069277265048,1.5955083256768459,-3.56111652654557,-2.2084459043671565
0.43477070845888083,-0.6805235621577214,-0.015082563261361715,-0.14456961546430663,0.08610067497317221
-1.0043949976481616,-0.49281660562364166,-0.19230647961802902,-2.4047450875341756,-1.0998399638804015
1.263911289675061,-0.7352464129778047,0.18398917536464562,-0.536015143637924,-0.8806908449705347
0.5006698781939734,0.16905758039533825,1.0122794142589404,-1.1865650339609897,-0.8440130782913609
-0.665051731266029,0.4424970089345005,1.7435098781961618,-1.3568510340803157,0.6092135664473747
-0.7399215281579232,0.09762696141923029,1.0808866846577387,-3.2742788396705564,-1.551097588274125
-0.2633151979547633,-0.8393558474783258,1.0449489407426527,-2.0896123886246682,0.05800759755107363
0.5856320249750838,-0.43146436970614943,1.4767439609706987,-0.8911761608581934,0.43140014484357087
0.3463895654482354,0.5205518330688883,-0.5483928657012211,-0.3739222893411305,-1.7892565535594753
-1.8819873465524688,0.30430238086977274,-0.9663686879288956,-0.8483506746832068,-0.23703439692940637
-0.951491716022471,0.0258124607295933,-0.17349175536830444,-2.1445827802712074,-1.3923952803466344
-0.7854229609269748,-0.6634907481227594,0.034890989353747605,-1.266962341543931,0.21684235685955078
-0.1272940203999482,-0.9609444614470415,0.9835264185077893,-0.9962124445580391,1.07555245579674
0.26620825496167927,2.148462875238882,-0.8422797514397806,2.350825359991148,-0.9061255216491938
0.22774317153087306,-0.0931481283941983,-1.2107152371401928,-0.028839472936468935,-1.3741497532133364
-0.2832122590359492,1.5241985155495517,-0.4160921982364494,2.549343328557047,0.8922648738069947
-0.33726663152024156,0.7611898982116414,1.2291601781388144,-0.24718071623847282,0.5580561952089417
0.44474791194640273,-0.5922187150696039,0.7885911259852456,-0.8925936540792914,0.043468275029155345
-0.07735603898926671,-1.929693467912957,-0.6227936830485776,-3.2783034196568006,-1.8940475958031546
-0.49920076954932374,-0.6095695748325366,1.1764813152441136,-2.3380058665769186,-0.05275420695094453
0.34306626793485906,-1.8418004248989188,1.7627208620537358,-3.0256397516079363,0.2358152674098592
-1.0720847461303635,0.0291326174901307,1.3453480972790155,-1.5163810377205673,0.871919188198681
-0.33130229600997146,-0.520950064637232,2.021828407522833,-2.9739679994972,-0.0998872313271638
1.4289218536522965,0.21244070152564765,0.9549523216696403,2.0936316200675975,1.4072213865592937
-1.300463787312729,-1.1630707716355528,-0.9833913577424059,-0.8782426707060463,0.6019005304998292
-1.6195090036500879,-0.13275153812092735,-0.2969791047674446,-2.105962667627263,-0.6506812306236925
1.584329071836977,-0.8862234739415348,-1.056868924192309,1.1421717028613219,-0.6128028192264292
-0.6259563609547607,-0.4602783337848621,-2.639991747507945,0.8541525600600676,-0.6996044927082546
-0.1911782513895999,0.8188582158360469,-0.09194165811609742,0.7009359094247383,-0.018685713137806217
1.702747693179935,0.5776218066523429,1.3252363497329616,1.5736585371432636,0.618525387043947
-0.5719450435744534,-0.28285397112326754,-0.024321351192527346,-1.2172919823176065,-0.38681431881241296
-0.719240799205921,-1.1069325624998272,-0.25772830583809264,-1.5229745370006642,0.04547051886699139
0.6003923517250291,0.3952020071834013,1.5653336546977055,0.24226108669255908,0.8120003824818341
-0.2393873175817673,1.737873496626997,0.888574282528328,0.25090660817953325,-0.35900528833736844
0.324526672903135,1.1662970749520671,-0.18317125817960775,2.3516880907939486,0.6776930847591388
-0.4101521176668356,-0.99955427278829,1.1325972342899038,-2.6379509756363277,-0.09564735089129815
-0.8196324882493257,-0.5150116265796281,-1.0602477461111146,-0.3392986177037599,-0.06490224898592066
0.25743040384548804,-1.3136818657607892,-0.6674595545887326,-1.7181987315323366,-1.329406824205768
0.2709861287420501,1.5523831321002854,0.17532545247625064,1.6743321441833485,0.02628833581726369
-1.2695603630237868,-0.6028366891341814,0.6784544825955672,-2.945098815632284,-0.39424728087874866
-0.7601635935794234,0.6135311299875778,-0.03202444025937303,-0.715516995526826,-0.6009089721943534
-1.7989720440583008,0.8033790381854793,1.3140198686517712,-1.6510334247264864,0.6585794497981063
0.2630038967380159,1.804356708869125,0.6223207189969803,1.0774091563459816,-0.3676307302641788
0.08567909855330158,0.22959435207102347,-1.105024670075753,0.8496583018299795,-0.5706398188700985
-0.38931625498190653,-1.9075490750375903,-1.0891154881498482,-1.0070853705057825,0.20066447136386628
-0.6206847086342379,-0.7986977137215707,-0.2907755329562702,-0.7761971447049636,0.3524097446945748
0.010483491644143876,-0.3122829596483925,-0.8052249916536047,-0.5928177468579641,-1.0962432705073202
-0.6043195553141946,0.5948187203802099,-1.5121315355347016,0.4743586496928929,-1.028272050907824
1.1200125760620503,-0.13006603376784026,-1.0770643048273008,-0.5163416680976964,-2.583352515219207
-1.2576289010620485,-0.11201092692953635,-0.5265038408188446,-1.7739016833284258,-0.9307656961556856
-1.392959310472578,-0.21147272469980252,0.15531323747342907,-1.8066043683501842,-0.0468590957043746
2.1164488355428253,0.6132116331263442,-1.1155508284155395,4.489679995640249,0.6444686985555402
-1.5468118042205978,0.5838866031276598,0.7793045169848428,-1.8679216919780597,-0.12569197390027875
-1.1989869224996406,0.10357129307116623,1.5184744092118245,-4.373855074414167,-1.7599650357738688
0.41448284071354186,1.128357737235649,1.1906913810016155,1.5853638569399935,1.233214659992418
0.40867177847225905,-1.106008611853834,1.4899807638556912,-2.4717063749133534,-0.2843887776760872
0.7212626960875859,0.22502511343743112,0.09318243028497702,1.8686422567316705,1.0155368774916305
0.252792931954244,-0.7228303190799928,0.40681014061585014,-2.208913028498794,-1.3320655007571949
-0.2656672828832962,1.2906338034806515,0.9147730222962419,-0.1399083398852916,-0.25010183818640497
-0.5313191592065565,-1.0106908625892783,-1.1699946316215843,0.08457980140277171,0.45659519157702216
-0.7336289777401575,-0.856842369111664,0.6114650631999802,-4.177614102366086,-1.975677692314285
1.406728113217149,-0.3733174784287346,-0.23920147946753667,1.2834587620665074,0.01084664781055636
-0.3105297422548502,0.8832111332366717,0.2950148501486878,1.0398379171539296,0.7621713763207958
0.49773489530767656,-0.3617600361984186,0.0024762889739050453,-1.3273306462791232,-1.460829216414476
1.9889321565428408,0.8889883113236652,1.4385860795779395,1.2601584572291755,-0.17917593105939097
-0.3022487513542267,-0.9431592869919897,0.4355041431538951,-1.4425929792486,0.23831920225151126
0.021628206272520652,1.9103377405999693,1.9817836344803779,-0.5854387265333106,-0.5356210389254227
0.4420171252300352,0.8860098377296742,0.09150549428738702,0.7065997989249306,-0.5299216697473919
-1.465564563589961,1.0336947264217256,-0.8806239994588179,0.5867381426935508,0.13798398040296841
0.44628075543025064,-2.000652224286254,-1.0290869842482178,-1.3630184664268645,-0.8377339818190789
0.513571377733574,-1.462848322110231,1.2148274696735366,-1.4656814902869146,0.698422923763279
-1.2022044577080802,1.6454351083142928,0.9403694692066988,-0.14524420213411876,0.3518946164663674
-1.434551912417672,1.1038691893214827,-0.6060038163486258,1.2461349819453997,0.9708138886929631
-0.5257335910900369,0.30528726691589775,-0.21424347948468395,-0.35533632979672525,-0.34913348510727005
-0.44089462242878175,-0.6950615881117161,1.7805301513814606,-2.6113861186180825,0.3051002433038759
-1.7830824369315903,-1.0793240392197025,0.7070915577278806,-4.14941866445336,-0.579920630574187
-0.04655539873426909,-1.929775500606005,1.4446987234318,-4.143599375423603,-0.72256975265153
-0.8034196092485146,0.6249179021405179,-1.494302421241168,0.2997998883811186,-1.0160008257520525
0.0864704728236542,-1.863028216797661,0.9174981455589879,-2.4483036473312083,0.24575224220178613
-0.7489362380996499,1.1338975127034998,2.0893328804669755,-2.2376803894128736,-0.5333087835497482
-2.303911290481734,0.6277002614345883,0.3262553992586848,-2.6566767750732,-0.6542103467673694
0.7296251492679349,0.11534548185003109,0.3898594740738068,-0.11288226295751064,-0.5679934200016699
0.9261812829304641,0.3752015342248312,0.8441523204915851,0.5755546628583619,0.11832416619465166
-0.5956746035737198,1.179888575182646,-0.07190583240374027,-0.31122326682430745,-0.9673430708369739
-1.5804887066894466,-0.21984600088550435,-2.0038163699943605,-0.4677580100942622,-0.6712396725136718
-0.030850286240069778,0.9087896958004915,-1.1616806248066656,1.5537065523125406,-0.48591348205454643
-0.2697261390238648,0.5970040777000684,-0.7189685493946381,0.3227752391152603,-0.7234712489555812
-0.1860819528896673,-0.15704427002247223,0.16702782234422986,-0.02924789930388272,0.4809061459524867
0.10623470480296106,0.41998443570047406,-0.5801609451344925,-0.8800253110658713,-1.986405396703799
-2.148590784123309,-0.6632439834774077,-0.3431642551518493,-2.396814603147325,0.07185590930154208
-1.0466870597524862,0.3466183112104087,-0.2196567846383644,-0.30542926516293584,0.17498269874077732
0.5218611398022422,0.2519832943204134,0.5983966583022593,1.875795812500618,1.7003480366802217
0.828080070359924,-0.2683164345321451,1.7774789423678496,-2.1648363000037856,-0.9471209934637148
-0.16903519163639097,1.0569447557203582,0.9719843197834781,0.4987117681870856,0.5827865238865966
-0.06280250424088879,0.9783606380044767,0.633056733836585,-0.1820909483715708,-0.46459234829857365
-0.7401690739483896,1.092638852135562,0.7317224918586994,-0.10596151631616058,0.27329119735536633
1.7620331879269062,-1.9298357072867929,1.5005298793525212,-1.9480417369129501,-0.2797093382005423
0.21908753329088262,0.13518388806489823,0.5357370278510997,0.33285528878883486,0.5143208952841537
1.1068111047597446,-0.8257203261949949,-0.8722025500793058,1.747388691231361,0.5940953625873053
-0.3795344130250874,-0.34874035306914347,-1.3585624958457712,0.11848681619547896,-0.5118009135560614
-0.04768375175321287,-1.2937147496451975,1.567568979455035,-2.8250816493090998,0.0838858315443456
-0.22188873985410665,-0.5542828368259136,0.6371437400292813,-0.7940184881345413,0.6192968285747602
-0.5108088451013434,-0.39980862182362015,1.289818215368496,-1.9298704064119785,0.27056527588148105
1.7426208164902521,-1.097571555898708,0.26797810891112916,-0.030590998642460288,-0.4076621503228752
1.4589413392505517,0.3550810974293591,0.46329439503984954,1.2850445872611043,-0.06568345437895699
-1.2160127606447175,-0.39089991136198754,1.2255479583731037,-3.5078369761138957,-0.6753763457340867
0.02579767196548983,1.282861257009272,-1.3146095105159405,1.4473673701618437,-1.1759010693288583
0.35586233879904977,1.5806693089101147,1.145611877767996,2.3916551302248097,1.600735360283641
0.5722648769897394,-0.2633220657065739,1.1979374055733358,0.514856818280459,1.4038514125706294
1.1188546629984446,-0.3937583432458199,-0.052457736160798615,0.0566162190030296,-0.7209378369103938
-0.453630604944312,0.2619270877354102,0.3250942219886236,0.48418221501793113,1.0009799542154565
0.7604295177126705,-0.2694650588757704,0.612245656438861,0.40835191586115377,0.5296331134631146
-0.005610229809573484,-0.7105399815758304,0.20375595606669722,-1.089492525724219,-0.16958635827211774
0.21462587925137797,0.877789612292532,1.5108794349455563,0.3338642132309886,0.752328156632635
-1.1822924375118038,1.1594138040569055,1.2925684943194935,0.6041729794268942,1.919620107201286
-0.9940346545840084,-0.15282576545444684,0.5710291020367978,-1.242735895343909,0.4751536267313443
-0.1468256099338023,-0.40370385973097983,-0.7341635069349343,1.201293693811731,1.0176596565415787
0.013569391533496879,0.5333094708698827,-0.9736864103961205,1.7985835139339978,0.2780182411344978
2.146140504944161,0.35307610126550787,0.9014758526051344,2.0993355422848428,0.5015947886803087
1.5947255821886555,0.37172639283934655,0.23836377363727632,-0.43999950731237303,-2.1680877087030987
-0.657684148677882,0.672098127023578,1.1265467166847625,-1.0769335512216853,0.03519918711738127
-0.4279100275810916,-1.1528516083162152,-0.08086894369240316,-1.0532101054604313,0.4466825867444724
-1.1847108871942007,1.5368092551337782,-0.8780861639774372,0.28783357745507787,-0.942350954461937
-0.944334126227738,0.5251697981950502,-0.3572515170412228,-1.0471037069203648,-0.9851908959288997
-1.1438262322595676,-0.7861439626012665,-0.29976526183759744,-2.3533742368968307,-0.7231693038735939
-0.08945926992487659,-0.6364668103657796,0.741994702805663,-2.686167511813869,-1.2182467287175496
-1.3720337523377932,0.4199345104521446,0.3015117111056828,-0.7878846951385583,0.4657262578527732
-0.5917722025483688,-0.03681875857877955,1.2405895293064166,-0.39115143889792336,1.4780290515356416
0.15334411469137466,-0.1642078768519452,1.269347344917794,0.5659674948061482,1.8461786018845128
-0.6652439171070876,-0.39867585574264924,1.786941541208884,-3.544138982052029,-0.6932776679934078
-0.9072459430628016,1.524896761483337,0.42406632753662393,-0.10499422583009377,-0.2985787167140053
-1.0464891838974053,0.0336699894176825,-1.040037485439094,0.6278947326219478,0.6006764416625768
1.2245904973932404,0.9626556874324836,-1.7798106014867745,2.8530099070649264,-1.114046879247572
1.7431973609995313,-0.16619314695810405,-2.2944584825496137,3.725443519798982,-0.14601917679205914
-0.6580539554917139,0.9670913811950793,-0.48829953068558435,-0.5904254630542631,-1.387762419443213
-0.23419412398207828,-0.4568279440391461,-2.463039517802243,3.0141136611630186,1.242096211382
-1.2427774854393996,0.1316694250702868,0.08009367040438188,-0.16381869570280516,1.0273830350706896
0.6596111453570195,0.8095496628745734,1.461192288182208,-1.48929671804434,-1.4972652380937248
0.18944168394361136,1.1448056453071496,-0.28453874606799656,3.649940599170439,2.0311545238516815
1.10528890815068,0.5011770272423636,-1.5400514352124437,3.2004852158313595,0.05396784522587263
-0.5187341218413751,0.4340789957797177,0.3880634299853269,0.43976434829581057,0.9124829043427949
1.3899153839048097,-0.02946057207082115,-0.834289241794923,2.502562206321807,0.3078181526928956
0.9001284146275144,0.05132975664311015,0.3474991510164948,1.4231022060693865,0.8191431858152568
0.8445731963789826,-0.5421900478054493,-0.529849400869909,1.9733059388665688,1.1410733894231266
0.5121996135046799,-1.0195155887934113,-1.1062930575983274,0.5111205588348872,-0.08785652347470889
-0.06761130394386544,0.2575203582617314,-1.0415818710169886,2.3555444957870684,1.124053570452214
0.7483686767428502,-0.04383331242630776,-0.2290738529762825,1.820642069745035,0.8870328524522099
-1.7879469935399763,0.9968437694942782,-0.4281549920225069,0.1316161763787262,0.4945644084019174
0.07621371615459463,2.065936521100909,0.23009429620083302,3.3537793694074285,1.4417234283527578
0.3154964995474305,-0.23471533461044125,-0.1852017800083239,-0.30697063772120636,-0.5729535826665195
-0.4037649319406752,-1.6410722546874708,0.84391158983605,-3.1482056773971725,-0.25945690093297624
-0.01640328321503396,2.491699063323061,-0.5647333218977933,3.944035734514359,0.904006632508539
1.0630038452547905,-1.2925353132511481,-0.1642657429026799,-0.8210780221789419,-0.7558122970852642
-0.18954485777978897,-1.2768298494781678,-0.1553004275264054,-1.1046620789230068,0.2064122008085445
0.8037848964109268,-0.3803866393224429,-1.1978083801779744,1.4404764855181267,-0.1807301517483316
0.5516415340988945,0.4219347464375316,-1.406030305130828,2.1286836744867776,-0.2509229111804765
-1.2011863578305426,-0.6884620419030996,0.27409628072727155,-2.2842501028970585,-0.1205054224361447
1.6708129497413184,1.7363084617837126,-0.17540854358194272,2.8891527169570383,-0.6933772381499352
-1.4949840181058973,-0.12858288088552994,-1.4095837745209707,-1.3188984481151802,-1.1049153236447236
2.0676896730679304,1.6087797942969475,0.11735608393026288,4.9043966960801475,1.3452833126455326
-1.4192846326501882,-0.5911479572055393,0.6998605184696101,-2.693444120804408,0.016848987520929632
0.05796962249292469,-1.1015956956771977,0.12130867877722787,-0.7815985862754717,0.38333616568602924
0.6139470229807903,0.21477232260910895,-1.5532272604690083,2.567229258220553,0.18528265216164555
1.5142092542968693,-1.8080268325199755,-1.773639951706438,1.1194681516791978,-0.36035422180413396
0.21124564085405143,0.5141708538676364,2.022516225635552,-0.2955515780183946,1.0015481528954697
-1.5894424156652793,1.3834517026999769,0.7332436367081829,-0.9706192494382271,-0.031384899764741694
0.8079076557852518,1.2914860271432285,2.2450311352494134,0.5776197947467202,0.7232572470676536
-0.4523919290371381,-2.205907946311962,-1.0275639473273133,-1.4185778683092636,0.2121580597125234
1.1336478347394088,0.9908065963723227,0.4327189857782123,2.1963555323940773,0.5046200870605585
1.5968158008402047,0.789207435210586,-0.6788166753660823,2.886785152793899,-0.17805475862297385
1.4510741302262475,-0.6828513694096336,0.5406963271648103,0.4731831227246901,0.24565668907288654
-1.4259856689694057,-2.280503014873594,0.19856886788292838,-4.110349489669525,-0.2052919379435968
-0.2899684265844833,-1.0183596218673512,-0.18758921565802927,-2.1310727725340084,-1.0103339397402031
0.784606415831841,0.5680747118718399,-0.7042642617444058,2.792095019660171,0.7351496302120843
-0.12183639398290905,1.904916722577917,1.7051038110791523,-0.8680995795336706,-0.9460760970495263
-0.6188738282118584,-0.873199251886964,0.45193421218030344,-0.4791220106609819,1.464885281618144
0.23072641160999868,0.2727014014080739,0.6602236763271203,-1.8256738504854435,-1.6688779871763957
-1.0418574209793119,-0.8342847190534024,-0.5398420241642501,-2.754328228704428,-1.418028112835964
0.1802850934311755,0.7046178888855645,0.2533229024912126,0.4745661447948145,-0.15701393503071293
-0.995352222032321,-0.4824089609876459,0.5341769011618586,0.24937446275095088,2.261312546932776
1.4955364786924261,-1.4398393522887996,-0.5549136266918406,1.12982642163157,0.5192156685361028
0.7226274428596606,-0.09758504104160595,0.6630348323210534,-0.6199799150995698,-0.5819874845965711
-0.18734610198909815,-0.8078132180509802,-0.6047578520695321,0.45251917880828085,0.842920646778827
0.7695989389146819,-0.711471387377865,0.6890407306010794,-0.9171508110630086,-0.2862376319987461
-1.2385427155654476,-0.27561463772562383,-1.2998756741092377,-0.18629346893898766,0.027988210242846184
-0.5658380141314264,0.2738329388704776,-1.1626858843310341,1.2944894929116622,0.42380868384157677
-0.03837193073226612,0.37214880514430326,-0.47578679669273366,-0.23108374165981738,-1.0406474127645882
-1.1519588023414582,0.9297166146333337,-2.82448755691372,2.0670550045923615,-0.5351903646132338
-1.1013504747822769,1.1835897109914404,-1.203554854280419,1.449371511565141,0.1635774210755584
1.0334498079163532,-1.354940655700404,-1.2906167074397359,1.5190985093928029,0.5499726497371178
1.7408019247921995,1.569249127380621,-0.6399182783828649,5.2672502063316236,1.3172808757759382
0.014203935757609417,-0.7854987626165991,-1.3698543771579388,1.746871352915226,1.148311802616277
0.11109360735545176,0.6701391848458186,-0.5443789720629817,-0.3848228516711325,-1.7104346159353845
0.2812650102576545,-1.0830704847721484,0.6301999492949979,-1.5305883967159042,-0.0985829729064125
-0.3260136117186479,1.0590402952259337,-0.18473510203750346,1.9339237022385056,1.0161619166937164
0.4097300156774705,0.45789578372835,0.013228830063841207,0.6263646133194342,-0.22803235602254512
0.9599730414866563,1.2962919091177418,-0.8325862004749723,2.2537460490243317,-0.8351051020550384
0.5201166788854388,0.8065894989530001,0.294933160718824,0.5276914511282371,-0.5040815659913778
-2.0399469814859668,0.051103270466960046,-0.21380564534877408,0.16615917016276383,1.9411972358329965
0.5005511916000684,1.0576214231068042,0.06119196397317216,1.502231959856758,0.0052513091230574046
-0.3804088783727456,2.0461294857292422,-0.0006069197330952098,2.754196155265009,1.0878686281754173
-0.475539140359935,0.9246817567159578,-0.41754486369109256,1.504814382844041,0.6381269027969256
-1.1640718471307314,-0.5394800588304444,-0.12004901615401317,-2.469256289609268,-0.8857533998021052
-0.8262613224562009,-0.8695448515053354,-0.8519204006913728,0.07326609542442142,0.9171518686945851
1.0687983844035662,-1.03682301899795,0.0802736480886778,-0.9602769501014271,-0.9119786674183656
-1.3568262815990733,-1.661880806509774,-1.3461341264434952,-1.6693456189632523,0.0032273427020999067
0.5384984654943255,1.4592086887847966,1.257820267609495,2.7073151920669787,1.9674283053973514
0.3404194580303071,0.8741998754826873,-1.3485742762793806,3.6663602862824347,1.1031666764900598
0.8822136785001924,-2.4879782108807595,1.288311436409321,-2.844635390997141,0.04944057779274694
-1.6349555105220182,0.2949978900388012,1.5618928243779548,-2.700117324318159,0.20173312054301243
-0.18058816393085894,0.4373625168797854,-2.6652169578996143,3.9665880489702445,1.0445967381217036
-0.6773165266068617,0.16543562180291377,-2.232291594303525,1.7674009983395904,0.04699030884001327
-0.7513481295033931,0.17260934671405792,-0.612608639492711,1.3949696757667605,1.3610998190633845
1.7303225099643385,1.9436137730976004,0.6339932137499964,2.9146521557618836,-0.1252909135500583
1.3021690028323756,2.047862032022714,1.1887533342619405,1.7300369110899723,-0.4312407895031772
-0.48126042069047825,-1.2079548747537359,-1.1070259387523684,0.35860908244730405,0.9407984391391497
0.3885239721655396,-0.9120183377231923,0.9479307260408973,-1.2634422240258987,0.2079828675726515
0.4213485461671955,-0.8710203886012342,-0.9712498522168549,0.8404312001621065,0.3188531903792903
-0.14982332593472336,-0.7161493492554575,-1.0705443493528726,2.004887108233665,1.800315434070973
-0.42080769900073656,-0.41362940471463056,0.3102344093382542,-1.243231560951482,-0.09856004789786088
-0.6749801366877951,-0.021838331180301675,-1.6680331066893306,0.27876558462288425,-0.6924490541983496
0.1605478359660165,-0.8727622636623215,1.9832337508043278,-1.3276973287881568,1.367750849712476
-0.8795800347344142,-0.2091094179621354,-1.0173547077488017,1.2882533020387998,1.3595880469865478
0.8727645939348492,0.6852216825384332,-0.221029675978213,0.8396885250100541,-0.9393274274414412
-0.22670802292424833,1.2654551682191408,-0.34735492081033464,1.9750234934249238,0.5889214273196967
-0.1262133209075625,-0.5746591640944334,0.4075444640200559,-0.9883530438319333,0.12006390519011834
-0.26498430156499686,-0.50970555274811,-0.43471200522914744,-0.3726856471788932,-0.03270779809493371
-0.9436391457010659,-0.19428873275849276,0.3147821169213958,-2.4638790906906443,-1.01116909530969
0.8037791310256579,-1.191743021428823,0.5696848142404773,-2.551937382393631,-1.594288677749989
-0.3132740300773039,-1.0051228316644358,0.786416977128899,-1.3001224354404186,0.8046914034302202
0.6795396150181675,0.01016549139015372,0.05696883760985229,0.6799104352164023,0.047174166417933275
-0.3688594016666226,-0.19051087637937195,0.3761623535878511,1.0689062668573437,2.0044388984911894
0.484519504177442,-0.4295750768091675,-0.8263360715752532,1.0257435314053176,0.14446303246178985
0.7706821760831967,1.177778675401907,-1.931191695290839,4.323118496360415,0.4434659495844726
-2.2776508107221636,0.17371208581050962,0.7741578031781158,-3.361696156841193,-0.48359962875142315
-2.68409588227863,-0.15714457727986147,0.6077888577437129,-3.5118343205585507,-0.06280500325634615
0.47266491864285604,0.911319408599789,0.45744652223050597,0.7244959032956722,-0.2020419017164669
-1.6552072494315488,-0.22718348489816498,1.101304845093551,-3.5757981267278303,-0.5921025473045654
-1.1569791598355126,1.6876286739672743,-0.062453175323352546,0.6677916074566739,0.07468891800155947
-1.042217968645145,-0.01731629853545334,0.5477484428430945,-2.7096318835937425,-1.1023491735700497
-2.354975628756845,0.41608564110387386,0.08016943991793063,-0.37675693257863907,1.6423024949922627
1.5796115687673769,0.23259242200653313,-0.14067233678182345,0.6458083776664818,-1.3070679498892517
-1.1972868357504483,0.26644001553559493,0.9159932842618814,-1.1213191324818257,0.725520971994909
0.1775727556403305,-0.4360682713546563,0.7993722739063833,-0.43578225872664855,0.6220855308940606
1.0001613472506707,0.3858484700180672,2.5402627626571195,-2.578223305363103,-1.4239703599747218
-1.6462157317476773,0.1682530587959612,-1.3644686232915035,-0.0711347740773261,0.042359275582886484
-0.5016323226620424,0.3911162117587581,0.7430247414724167,-1.3548698977247913,-0.5013290453490902
-0.2102497550119836,1.3277894983414729,-0.6950432586656674,0.501574272194562,-1.3110087298005948
0.20079466155508402,-0.20924164531570702,-0.977868582720348,2.448900035566556,1.4794784366068308
1.6401573822249478,-0.08341283789645405,-0.10439986611404024,0.24941154372995,-1.411732866712584
0.5662408785878147,1.8113921538085822,-1.295340207402926,2.8073295249679586,-0.8656437148313647
-0.675100867792531,-2.141200960870933,-1.1177127373632685,-2.606299889953137,-0.9077107986529411
1.565189870926559,-0.08061164936894956,1.758016854961356,-0.9694527024392098,-0.6960140690354634
0.3020590006407633,-0.7136479706011055,1.3426931752367752,-1.6770382999836093,0.07724384521350794
-0.4774487725533278,-0.24967102116022905,1.756370330430697,-2.688363888117,-0.20487376397274598
1.8018917821633966,0.67010119005851,0.034760290404740386,3.1659114177988745,0.7286787359817083
0.2594478217120122,-2.678466358832612,1.1576592207369254,-3.949402500639666,-0.37272474278214046
-1.5188747127635367,-0.06765943674464633,0.0336879927871815,-1.1172203752859153,0.5030017670094492
1.8858630461040575,-0.22201019000765745,1.336628957670274,0.17040070886687547,-0.15682318955925073
1.7316693608262559,-0.10735789564730848,-0.7522273382841774,0.9796613157656044,-1.3968774876975205
0.3469964058053303,-1.2579485950863951,-0.9252520674923708,0.19210731812681583,0.17780743991550987
0.32962653430333083,-3.957997637013005,0.44635373526221095,-3.873344776012772,0.20138006195911323
1.0701891124725105,0.9411108370846981,0.5440202707989069,2.5991872438109427,1.131907565052641
1.2156810513724507,0.37676193804473035,-1.8142150919486126,3.2874407493065165,-0.11921733205927741
-2.682648779174859,1.7256118578315638,0.6056552603513066,-2.4130351363250915,-0.8503429546304893
-0.7507053032752251,0.4472423035852288,1.5194632233080352,-2.537893175841949,-0.7149669528439176
0.8104335141739996,-0.21457129308495967,-1.2806188843604973,3.206967640723823,1.330486535274286
1.208463272561199,0.7134782004799676,-1.2770954152127698,4.417459206361335,1.2184223181073985
-0.14706704062034742,0.5933286934722964,0.5629781457428099,0.28562918167868806,0.40234567456954895
-1.1209061098212254,0.7762213716313845,0.11568138191249216,-0.480822943792005,-0.02045682368967192
1.472179944126151,2.1108601618677203,0.9365627741666969,1.2091112125427277,-1.4373661192844465
-0.30223520461159087,0.19846927482615612,-1.010672462933396,0.5233843349549998,-0.38352219819296146
-1.0816933593709748,1.7729404081603986,-1.4513739139311503,0.2956027087602402,-1.8470182539603341
0.19085123329466067,-1.6612416942954842,-1.0242525991946112,-1.0335843476040454,-0.587446485797833
0.4994677825085499,0.07764622402406661,-1.0018849851682252,1.53586080343586,-0.04313818826498168
1.641814648253298,0.7269665928597304,-0.5457181621735131,2.6544376699859,-0.26006173330064203
-1.9664142189183935,1.810836175296868,0.37327436928897434,0.5426360035207267,1.0714884164312266
1.3188640119694492,-0.6061480490000718,-0.07750352384392548,0.7080348588984997,-0.08218462791480315
0.5523199183801767,-0.22711048620359386,-0.64046624927899,1.104501302758396,0.1388256213028233
-0.22208445663689805,-1.0400983923727714,0.6406181268754829,-1.6078954871114706,0.2949054887736817
0.5445974932419265,0.7398758642918992,-0.42019162231660384,3.1073576387019166,1.402692658851487
0.25337026091051085,-0.6408115639424973,-1.4034587980380524,0.39380110201259433,-0.6222163929934718
0.20895765124382698,1.1773685098838025,-1.0505308846868062,1.91437008051897,-0.5224869652954657
0.9419835471639635,-1.6450884134040065,0.7974713022289664,-1.3226050612653009,0.17797110720370862
1.7751226451320377,-1.2899381619738859,-1.259020780368413,0.5587159516192401,-1.1854893119073246
-0.1443316621351118,1.2431410595461199,0.4248790085531649,0.26915493629070664,-0.40477545256713654
0.9642623344453849,0.02005774039377285,-1.1451170989677164,2.3688131176410967,0.23937594383422248
0.7155837573196695,0.3494109808859516,-1.0760987201802716,1.919887010493909,-0.22120644789198354
-0.6115485665315564,-1.919672086058698,0.5310047159914598,-2.929805705012108,0.13241966356960658
-0.799082362708175,-0.8308885617930627,1.0159347632605658,-2.6879222151886313,-0.04201652742682803
1.691315090014743,-0.41419679201109616,1.75439486770699,-1.5385496939520145,-1.0612731242486713
2.6020337793301467,1.1057875267695163,1.3306278692538207,2.4536726392787607,0.07647920243291846
-0.05616566089527477,-0.16051602308305848,-1.9454611785846299,3.327996967199837,1.5992174725935402
-0.3824506386412281,0.7397881173554787,-0.3215603304600986,0.16114055119964288,-0.5177572579747063
-1.9302995385001467,0.14060013351008005,-0.2825972678521576,-2.907724629069323,-1.4006224919314139
2.7092283522618263,-0.9665011606006411,0.127777770269652,2.153538328907181,0.538588907515648
-0.15617740355934653,0.3565040945755123,-0.959749548507372,1.8163586340798064,0.6562823945562686
0.09044477947495307,-0.22627355936644636,0.8357378727266173,-1.3852474253692197,-0.41368077275110915
0.10245103939968035,-0.8395658939898186,-0.5138855574879653,-1.1928208382954968,-0.9695915411933238
0.24965401373283103,1.2000170297780184,-0.1459229677633777,2.830170079924701,1.2345760686504736
1.5127467696954116,-0.3203681119346457,-0.9628183916127484,2.016607301842812,-0.13858974753070222
1.4784224291806547,0.027031844666333158,1.6787728769679535,2.1969876815342237,2.3703062846551894
0.7076267950269216,0.8771312124679743,0.8152347951365947,0.7472688506827886,-0.022254361675512667
1.4907626990140164,0.16642806514284844,-1.556722319375187,4.247114746463288,1.0332016629312364
0.3472339298181849,-0.7449060756663224,1.5470862741717084,-0.79712944464796,1.1476289753718858
-1.1317462742273052,-2.014234908434603,1.3288099013226589,-4.552161803448607,-0.07737071946403985
0.3570868858373562,-0.4087918087346259,1.251691692530321,-1.5173954808064087,-0.21399886537881815
-1.8796436621986012,-1.0292776639472487,-0.1011485881318651,-2.612755637660809,0.19501710035317596
-0.2195650635140083,0.8430974503124805,0.10922858547247523,0.971866320555158,0.457562519229161
0.4286799913124983,-0.45824307756834187,-0.9964089151655761,1.321652023910075,0.35480619500034266
-0.5717045461218293,-2.1928618795795676,0.058543787024125264,-0.8719025223536379,1.9512076903718845
0.28763723681519815,1.3741951305051885,0.8612887158612335,2.368551617220813,1.56800796576166
2.1212366188456477,-1.534890185152325,0.11976979419531639,1.6991419178971807,1.2325652783991743
-1.9096064618255726,-0.5911823572856628,-0.02272307892985753,-2.3037963929616563,0.1742693472197216
-0.5414910096677477,-0.4375549142932341,0.948870989719561,-0.8789597625625121,1.0489571511180307
-0.6131912822893032,-0.31331790185554187,1.2068625965235913,-2.5533941033641336,-0.42002232269569717
1.075976007779975,1.0015798626637802,0.20318484804343834,1.3354922291757139,-0.538878793224603
0.0023785920259067426,-0.7649049600586478,-0.07604087499281521,-1.576463611421473,-0.8899781183815471
0.007253173052487386,0.33509132041249795,-0.8542594517769592,1.0646218934159448,-0.13198205182599984
-1.7424632241402003,-1.3792941201865017,-0.6572066795237997,-2.237550475717828,0.2270001890850742
0.8187340378677483,1.24619686809764,1.1162936535506873,0.39958522820880094,-0.5490520242059002
-0.6593891443670657,1.0083071055163955,0.7078436246108554,-2.67175742742885,-2.312831763967324
-1.301053722175065,0.07838165495801384,-1.2596167088526313,1.0923636332426812,1.055418991607101
0.6159857125689976,-0.08765307038381884,0.9503501104655939,1.7668753978576421,2.1888928661380573
-0.1409310006403725,0.29964209988083146,-1.9684715931531072,1.9500901193268039,-0.17709257306676196
-1.332525838757092,-0.2582761864716246,0.3895326729270806,-3.5061866593799422,-1.5258519612241452
0.3174185106513524,-0.7733487252488659,-0.20779724532616578,1.7437868719472676,1.9919198412186152
0.6729540178076138,-0.010170616580350603,-1.2463967812860093,2.2880964675454813,0.37891628503220876
0.13711373499049073,0.640773723137155,-0.23234011212348926,0.5285350705068413,-0.4816924997442936
0.31994043357829577,0.4102066750553132,-0.7756646075015035,2.5998834942064493,1.094071778071337
-0.37890769665163204,0.31528036301321805,-1.0219109558232777,1.4124952089354852,0.45421158675062145
-0.9467682909827226,1.7708100645976665,1.0260998456619863,0.09126407375565349,0.2933221458026959
1.706404810366857,-0.7325962081050149,-0.0019123764882630523,1.2145880466489791,0.2388670678988741
0.6836692364802904,-0.8583667494677336,-0.2621945181459662,-1.0668109094378553,-1.1543079145963784
-0.7393722988298526,-0.6716746123037332,0.06136592226212241,-1.7457999321372972,-0.2733870987415892
0.08872897508040713,0.04266350759959049,0.34550988085926493,1.4102163080627583,1.6243337062420256
1.211958197998748,1.2978417311342791,-0.045791672815857845,2.968783775577899,0.41319217362901395
-0.30182938028609085,-0.5216715083692658,0.3012374561366034,-2.1394410382844034,-1.0147026934924432
-0.06978546148973493,-0.15342761399426844,-1.0191994915417286,1.5485746261461837,0.7525882100884583
0.3472970485588117,0.3271456219801748,-0.011095960761454922,0.267822324250938,-0.41771630704950347
-0.43578879272110405,-0.7508975483115798,-0.4203809444738305,-1.043505093450821,-0.2771996968919676
-1.8767173817338574,-1.2569195976751522,-0.8817304596378086,-2.1424142218498083,0.10949229792139277
-0.944487276427923,-1.1286916347533527,0.891908302338036,-1.750277001729173,1.2148102117901385
1.0670440610310739,-0.9582639115739114,0.15316081047294788,1.4425996854378957,1.4869803464536813
-1.0242031421095386,0.9229115947238424,-0.32331094329518306,-1.01931689496689,-1.241336290876377
0.3456479214526984,-1.3992713480964516,0.01730509300661786,0.19773316997306312,1.2686616896234342
0.6682394872753791,-0.9104990947737202,0.20657191695092172,-2.1598379044566838,-1.711006380007421
1.0788175773374056,-0.9171757339967647,-1.5828042203362496,1.0846361499571748,-0.6598099137197155
-0.25093276841055434,0.2840905242053395,-0.13661409881255476,-0.5087723002770186,-0.6785441548843585
0.35839629648554616,-0.8707359236302267,1.816474871265205,-1.6726817919666308,0.6561327064432546
-1.5729528374829829,-2.183144864191461,1.0050031397498738,-4.620471445098659,0.14062939632565888
-0.09352073831074366,1.16845612386322,0.2195497188522634,1.682215279986783,0.8268296132865701
-0.32145671498129513,-0.46181933770839656,-0.4086064820237851,-0.6593238409663407,-0.2846542703004341
-0.7637249802764183,0.20877454367917994,1.3653392391340515,-1.7716581777814238,0.14863149794986621
-0.26885727066337073,0.3692693069431544,-0.10820689356034105,0.1287022796591465,-0.07991665018097822
-0.14766675110630403,1.1229811505884961,-0.8101165007211077,0.970961204751165,-0.8144696954521348
-0.3957091535084249,0.6382182664112214,-0.13194412999171573,-0.1286754687397471,-0.5031287116342593
-2.7117835028285966,-1.0144506251366574,0.16565042825417037,-4.0710393960985884,-0.17915483987916367
2.1582397457797766,0.6623518796803475,-0.1962105877490794,3.4975984370575675,0.4807962238483639
0.6883611862729104,0.08746380585689943,1.1712985733956718,-0.11290632281105523,0.28256725845480674
-0.17797819611487065,-0.3072939690719903,0.07615623842353787,-1.0203595932531238,-0.4589311896427249
1.4033445886140192,0.23143597901684096,0.8997429212473613,0.8074573888994566,0.0724197425159577
0.05414428804724664,-0.2847432672478322,-1.3889189145353404,1.1731414484430183,0.014821513108263509
0.30501081069260877,-1.51746805417133,-1.0552522984051838,-0.16412660579666793,-0.0069216607231306
0.4506503291114745,0.9891182473933819,0.021098188159142838,1.344928026552529,-0.07374236179318475
-0.826472503073599,0.7139461481388089,-0.28823044383332497,1.009487993719119,0.8337839048205842
-0.08383901991162987,-1.1417156304864988,0.3582294051407875,-2.3243206853799823,-0.7405366298410662
-1.4739186595746168,1.1791646440985522,-0.3185183776438781,0.4376462425253931,0.4138818803575796
-0.15979788678735377,1.7038755694949443,0.7442859014801121,0.3518906514139298,-0.44790112981354874
-0.5869029658335339,-1.0351802737107803,-1.206913490644956,-0.052156924080139666,0.36301282481921854
-0.5319867870624652,0.4044510537564231,1.2370980936436957,-1.745044636069288,-0.3804108091195501
0.6961272930696094,-0.21546286171500523,-2.216431326958289,-0.2470960367527102,-2.944191795065603
-0.26832817661432856,0.9191392548464434,0.21798451613109698,-0.4129396185986702,-0.845766180699688
-1.320745127168262,-0.11975360976619322,0.781419785005578,-0.6998491298843166,1.5220693920557165
-0.28576106899591897,0.7639229445305695,-0.36089908680334587,2.3315093444083623,1.4924483820703658
2.3861253237727325,-0.945067031471013,0.2379936113715272,1.6508131343931753,0.44774845346298325
-0.819531107277359,0.2672541908819978,-0.4779321693211975,-1.6138753594032114,-1.5395306123290478
0.06614058059531722,-1.2392799538054255,-0.23861159416863345,-1.1448373555055595,-0.21030957646408469
-1.3926613664993999,-1.6114810498824574,-0.749966619581529,-3.626076037823072,-1.3719002410227439
0.40871873046863805,-0.2051271997129602,0.2431485476766509,-0.3913340557416064,-0.3517770388206334
0.19393478605635373,1.7919635524573343,0.5357938992293538,1.9095377374602203,0.4594332981758862
0.47552028081139636,-0.018566577205916597,0.16717054496542,-0.21657068539579494,-0.5063538440358547
0.014223481229060175,1.0506381354931291,-2.089451999998938,3.7950080624075806,0.6406944456864533
-0.20366812317552407,-0.0883381379192043,-1.4282971532758075,0.8694986820993026,-0.26679221008177645
0.0017738700431201824,0.26031263339746663,0.9024681670991177,0.5420150927776932,1.182396756436224
2.09497457537189,0.6306199808278802,0.44912475381883676,2.193513996194496,-0.08295580618643672
-2.618140366168605,-0.008990783288289046,0.5291047047419146,-4.189575523224253,-1.0333396690254437
0.41936931130241945,-2.3972111282037183,-0.40993875724471207,-2.5969578229851153,-1.0290547633285287
-0.99831244612763,0.2375642217633413,1.7784550926468883,-3.041983146330838,-0.502779829319661
-0.15355049077973107,-1.769658816007825,0.2856898695672358,-2.292337017032063,-0.08343784067727122
-1.1234013755311243,2.165713137775425,-0.5421232417926971,0.40018196172334086,-1.184253042313657
1.268322678690586,0.6355788039850737,-0.7417270842995094,3.5722213059286436,0.9265927389534744
0.5707814860538848,0.10250789309781742,0.2541864740165574,-1.5376794490414374,-1.956782354176582
0.2890942540021768,0.3067609503352435,1.0010472004177087,-0.678419366723691,-0.27322737064340263
0.8798215742112834,0.9613554582293885,-0.018643212665013627,0.7905737393742096,-1.069246505731476
-0.18441888007500692,0.6658503733365134,0.406566353197343,-1.4158845117783092,-1.4907496518424725
0.6924324543031081,0.5917391084329469,0.9881378523711362,0.6962831369371193,0.40024942657220064
2.023345711007334,-0.09339060924339286,-0.519007373695375,4.430949144902645,1.9819866694433288
-0.1377321166160639,-0.20871332406935175,-0.3715840458144539,-0.30329989920600786,-0.3284385043350461
0.9653909850848049,-0.23223313888398103,-0.1328479395980157,-0.2640601909758281,-1.1300659767746677
-1.2294060456700378,-0.1350705309309303,-0.9152113643667236,0.027087425351712213,0.47635263758595675
1.4949993721637007,-1.297529323538127,1.12031752653361,-2.26507793223241,-1.3422304543243735
-0.03833086155973875,0.44957939473409003,-0.6340634280219147,1.3060406751958182,0.2607287139995521
0.714361355230096,0.6701484627717794,-1.4739416300480996,3.18391391845416,0.3254624704041846
-0.8504823564503023,0.8552604192641119,0.7605017858188025,0.9714874861917562,1.727211209196749
-2.3297013593674065,0.9745036372988162,-2.1268268035159807,0.7960180930021596,0.024389011554769136
-1.1734461323149337,-1.038577622512347,-0.5070243146057003,-3.3580508313608144,-1.6530513911392335
-0.33256455550276914,-0.9476549971971401,0.2730025530109007,0.3847947180076552,1.938016823718465
-1.0046851061307778,0.3316721273054642,-0.059548237107856276,0.8244910561436066,1.437955797861064
0.6732176881539166,-0.22184950564085493,-0.42472807075024566,1.348945865392401,0.47284961212909354
0.04896156548063591,-0.443601215251694,-0.7668924593907473,1.0070568448728896,0.6348040352532003
-0.6911518076040701,0.732219697591687,1.7725750432964016,-2.3961711758724724,-0.6646640225636878
-0.3125211468665863,1.6511897752338005,-1.5980506220242463,2.2089762777050197,-0.7277429726864407
-0.2420534985687739,0.622294325407773,1.1086150050032098,-2.1003719873370588,-1.3719978091728482
0.18961441551587035,0.34397187339881236,0.09329411725866482,1.2301313811481338,0.7898392094921158
-0.8850793745950984,-1.150980735782421,-0.7617592073584786,-1.35662433590172,-0.08232343288267886
2.6999006894221256,-1.1615520181612018,-0.5287972627948647,0.781090674418903,-1.2860552596368853
-0.3591588661090102,-1.4496098314581203,-1.0549293787407972,-2.442095679526834,-1.6882563607005006
-0.16571220172838286,1.147099430455512,0.4063066601134757,0.7584235651517168,0.1833429965380634
0.9019202661541611,-0.5757041518768505,-0.08444254307135998,-1.464210175330664,-1.8748688326793346
1.308044773433535,0.6440645037851915,-0.515837362329853,2.9631922800905324,0.49524564054195275
0.3241892546053054,1.2215479007714956,0.6285353082129517,0.7642523832453013,-0.15294946391854794
-0.09363030009509321,0.634295307588608,2.216709717613959,-2.581461295334331,-0.9054165852138867
-0.0790164510142015,-1.5957296377703054,-0.24416092484988328,-3.0810933970583116,-1.6505082331236882
1.8912549685444053,1.1573177839226867,-0.7188687970990578,5.492160113719864,1.7247185641537142
-0.7900612158781364,-0.36483581917778624,-0.6411625951176187,-0.20083399828796805,0.31290044165033587
-0.36581935755880746,-1.3106728050549876,1.6572861630108122,-2.458754742448291,0.875023583176316
-0.5824234998839533,0.3666327471426336,0.8776876238539583,-0.7223806079472193,0.3710977686480585
-0.6369329330343967,0.3926612090927563,0.7114467317248917,-2.5421669655935277,-1.5864485099269958
2.165165513711299,1.2119365762729133,-0.9679609135774875,3.6587141780894297,-0.6863488254722694
0.004691292925439075,-0.8045018067777342,-0.6545285010392823,1.8081633733611058,1.9534453861741186
-0.906413805315184,0.35504088902810654,-1.0326640304216665,1.2685237798410078,0.7872326657064187
-0.3819154017624309,-0.958975907110098,0.5189389465600819,-1.4132163617519906,0.44661389368062016
-0.9969341176824326,1.471130747111019,0.010125518565504033,2.1970903479231785,1.733019237060096
1.6193384714748906,-0.4078943316050151,1.0272923293559133,-1.337503986343903,-1.5216557968578652
-0.015572675452954808,-0.6696922490728858,-1.9726534321835596,-0.14514444415911076,-1.4325329518168297
-0.4930520804019213,-1.1664052484146619,1.0657007570792787,-4.756006870407801,-2.0308487845119396
-1.582062319550636,-1.9264413314585291,-0.3211597677691699,-3.349604233826401,-0.16226035058640614
0.14298079954205997,0.017230916495477918,-0.27849050562731753,2.275884925510256,1.8371827038454005
-0.8800942080639194,-0.6829072180037392,-0.8306068514168582,-0.2410271527673477,0.49136742188345267
-0.005194713007188234,-0.3194458320644333,-0.9309320086787269,0.57063748515584,-0.03565397845126545
-0.5749670196820557,0.39846874455403364,-1.056785791395494,0.5807111471848708,-0.2995763690826011
0.6779752106598356,-0.46455599446559226,0.4452407194866387,0.6517759591956606,0.8835974624880559
-1.016459924327706,-0.0006130742371843414,0.21799010406754968,0.21168901637386872,1.4467521190063086
0.8248231422551918,-0.858186619599092,-0.36313676590437344,1.8538563293516188,1.5240830407911456
-0.13540483442121473,-0.0865817665103252,0.46510190365260434,0.03459396384401314,0.7216824684281574
-0.7261569633841791,0.24183018792700417,0.749032436294849,-2.5494206434338404,-1.3160614316818164
1.0515367754064386,-0.990286222525316,0.4262736165573045,0.26205912694691263,0.6270821906230944
0.9922565047401452,1.9566174859900962,-1.5389512596321357,3.9181043769292883,-0.5697208734330889
0.6175121711091858,1.4234851121670347,0.17543438322309848,2.9404458954198716,1.0748829953667498
-0.8254604003334903,0.2296425165576382,0.7366775583453355,-2.464807383208569,-1.1323119410873812
0.005257766228009777,0.2480132304120402,0.09407987695123733,-0.13630102292746832,-0.295492142616281
0.5997529492403675,-1.224233044437859,1.5054221798388867,-2.867790292757219,-0.737888017720841
-0.4048397170503207,-1.2130584795585195,-0.2347824731783925,-3.9853612958191227,-2.602245572388675
-0.07318037465362541,0.1968735353492491,1.1597568714455184,-1.951334372521596,-0.9152706617717012
2.02221336390005,-0.8046243960501136,0.03008074596390142,0.5232588669926701,-0.6642493548933648
0.06386764427115722,-0.6762633661786754,2.3317828763511756,-2.442133394029138,0.5020452042295563
0.3996067611266804,0.5721250459764855,-0.12252205724477397,1.8085496339953047,0.7142957696473646
-0.8886857776110448,-1.7272666228838283,0.2799311089115544,-2.8040372857213436,0.0918462236850838
-0.09642754141618522,1.427118823469943,-0.2810776661783298,1.545969082808203,-0.06579986542388444
-0.5580841500003598,0.3667439244845126,-0.6849616678721451,1.5848625597681123,1.0912411174118144
-0.2655816386954838,1.7055788828038905,-0.3838646701744193,1.3573955645790323,-0.46646634970379364
1.1214131829398257,-0.9865798770167836,-0.41173297935577496,2.0218551699115093,1.4752888846326921
-0.05268962919314332,-0.4293019489537182,-1.317278528419046,0.4368052709317212,-0.39848167934046325
-1.0026610383654002,0.7942809487382176,-1.6212316852218862,2.8445454671531083,1.4316938715584047
-0.6625361741774782,-0.8153562962527368,-0.2659843424765693,-1.7062443453619265,-0.4943362174082808
0.2597708570219337,2.011903653157238,-1.1781282538541884,2.072458330604747,-1.3773444334286133
0.48570203240482707,0.0027344720372626465,-0.27614941818538324,0.5208342376653426,-0.2437516849621303
0.5869056188846518,-0.7008743996195218,-1.0908046835418332,1.842155161332433,0.8653192585254698
-0.1964237616791938,-0.7280666397515319,-2.2555918884668102,1.7162311654824256,0.38512967844634094
-0.4615994670078876,-0.922874806172711,-0.7243397587471251,0.983064768443875,1.6431992828773485
0.028704551932294035,-0.6975841074470763,-0.19755288453902725,-1.8054748986743443,-1.3341482276985892
-2.450638522804488,-1.1317087702436524,-1.2568519839291399,-0.9419638486412829,1.383531460477717
-1.6529828275291671,-0.1500255739343244,0.038788914211188144,-2.179096111048654,-0.33729879537397467
-2.5254307712767723,0.5491272286417805,1.7891718794742384,-4.359025141698398,-0.5935497195891674
-0.28618238985374034,2.1949735272906556,-0.6064456333146855,1.8889570543569474,-0.6262797163946535
-0.861564096462483,0.8646018736053978,-1.06781755855552,1.752241933871232,0.6813865981727973
-0.05961456735699262,2.531624817483912,0.7663129149534634,0.23759597637213314,-1.4681013588013228
-0.41827656047625883,0.12420466765705929,1.103034832263322,-0.8457749508310383,0.5513317742514833
0.22078653836395984,0.15456378881317542,-0.9664256718437634,2.2805593983678696,0.9387833993469707
0.32148204442307327,-0.8532679482872223,2.0193839774517444,-2.539816935813078,0.01135294550281498
0.8450689195923212,-0.41017841726341664,-0.9478406026472732,-0.043108629450644864,-1.4258397344268225
-0.9491874196288316,0.11440422519083276,1.0226125875787222,-0.8511731607392614,1.0062226212774597
-0.05907727084877258,-0.2922280542532912,-0.6564644888506391,0.3088045630597676,0.0036453993111922444
-2.0657137477854626,-0.6653865001700898,-1.151603228765748,-1.303787588953371,0.2757094302364336
0.09498189714602302,0.675431928073222,0.1740174856509764,-1.051848978796488,-1.6482453183647567
-0.6217729806535275,0.10947882977196513,2.0945696276380175,-2.9711464858177896,-0.36428270729820966
-1.028420077091077,-0.28513460143533853,1.0855294483779867,-4.4669503654429725,-2.0678662385385707
-1.0810343453901943,-0.9088635515040959,-1.1559739747046913,-0.39303488070494286,0.440889041484656
2.0799668679278955,0.7297962784523693,-1.3288321606690066,4.036959317574985,-0.10163598947428527
-0.6931672958380104,0.6360915941375473,0.8051403128379183,-2.249164539385516,-1.386948524847135
-0.6409883970105458,-0.014194783516876393,0.8359061877499006,-0.8132635805980669,0.6778257876792558
0.8742594493946126,-0.2719888226333226,-1.2175804892959106,1.0743409150806484,-0.7455102009765522
-0.778169123607736,-1.9794912909838014,0.08178520547591088,-2.387660271269913,0.45178534879753535
-1.5274418701513082,-0.22934353713316752,0.464602988301968,-0.8202276031051683,1.4011607924812755
0.7119079250148459,-0.19232817463252186,0.6297216886575127,-0.5363659491003953,-0.42622401082520667
-0.14824580246152852,1.2110565395854773,0.44202610195680225,1.5502889530781752,0.9295043179110287
-0.1812624997026525,0.9967113513321284,-0.48754407943758193,1.7297073635175768,0.426714432450519
1.0908092664720044,0.3574535743190241,-0.18617504833101675,0.7992554633219016,-0.8351824258001437
-0.6465520893761764,-0.936405324973501,1.6365484395318353,-2.2157530257903826,1.0037528280911303
-0.7476410278475091,0.39096513436456803,0.868570899824501,-1.0291433071045522,0.19610348620288987
0.05107356232633674,0.6560891798206852,0.822128306941538,-2.330069297838935,-2.2151037330444185
-0.44931312560713005,0.20274244282957937,-0.05496407916660917,-1.3242316871595876,-1.1326250835486462
-0.36683780204949235,1.495624004581394,-0.8598664696167754,1.6948842364603927,-0.2937684356882845
1.332176500864282,0.26452128392662666,-0.836938051890806,1.9363839667304108,-0.49725186995130394
-1.8895662712005328,-0.15519641548291133,-1.3721406632913882,-0.3245226956956772,0.3480993276963789
0.2051611129187998,-0.341650420584864,0.6478836297994048,-2.07172292397553,-1.2873499865100608
-0.7054544808040529,0.10779054159690042,-0.2040390541699602,-1.8817472561573938,-1.4881223711202014
0.25073000344822716,0.7297941724537615,0.2605018206787582,-0.0061977023981294455,-0.72622005762136
0.4663699602323733,0.744008584039356,-0.411958882383596,2.130084380682134,0.5077469540268085
0.489681511903053,1.44138691975546,-0.6028077732880015,2.7237475646186864,0.18987135967217156
0.5101707837018152,0.13288259535452474,0.37246439091829536,1.2511167421624263,0.9805277540243816
-1.1898068592209818,0.06549427874745012,0.13118581308876576,-0.7003427889888099,0.5551556045734876
-0.13425031768795873,-0.8678741405411498,-0.5794762329780752,-0.0532770219421404,0.3693712033088929
1.2848399591081885,0.6355618992489436,-0.11349947645108904,1.3964599746098059,-0.6374413601984156
-0.9711267413651938,0.045990861299892855,1.0223221438829408,-5.382277178819443,-3.4348191548712017
0.18002345417870058,0.8422270496494023,-0.16436816082677996,1.1163358615616288,-0.07028280309325405
1.0131017270176312,-0.31100204900685147,-1.9146069862619155,2.3386626273727957,-0.27804403689989954
-0.11629432059595281,2.130702392013378,-0.753271161166432,2.309449501903911,-0.4582297306799459
-2.1944422340841867,1.2184690837143444,0.21915072305618186,-0.6984612034434895,0.4966626699825346
-2.27390728766283,0.20204853847540954,-1.7846898342615962,-1.2676549140610223,-0.9804859991351983
1.1371551952090646,-0.8823692347457258,0.23345502746803898,0.7132643207793847,0.691933387784085
2.051352146719247,2.434189545450357,1.0366520461618536,2.710423217305317,-0.7384664287024334
0.29419392541202843,-1.3464418204750175,0.5952013217302449,-1.3551570889410587,0.2922921278521753
-0.5193914069968992,0.3140988863324786,-2.242491278567437,1.3606955203272986,-0.6765032375757178
-0.5439400497711958,-0.14084637479414025,0.2692191199188217,-0.937017328458969,0.01698821602518877
-1.119822724060179,0.45340768230087203,1.5402405212375334,-4.049489955823143,-1.8428343928263027
2.2483300473708376,-0.5620652805852944,1.9743049638326124,-0.5191938608533453,-0.23115366380627608
-0.32327609331561713,0.9992176208302361,-0.03608148972409184,0.693563466898979,-0.01845955033973185
1.3671811274237442,-0.3495495109243757,-1.1834584550204401,1.5818551887948908,-0.6192348827249177
0.6279941686444953,-1.2931040783681709,-1.3152782326579806,0.22856492528419742,-0.4216033976501076
-0.08380862149177835,-0.4810657558498824,-0.3148586310013032,-1.077225992524823,-0.8272102461844655
-1.9110783953275332,-0.6195871542445983,1.72431876928165,-4.44575225549262,-0.1907679366388377
0.0968402361555971,-0.3930340889219282,0.014111603215545452,1.453438953638534,1.7637444096204105
2.0459250831012774,-0.6949228282882907,0.9090473111252798,0.895526616115125,0.45357167242741797
-0.7950036515015886,-1.1118169619824503,0.16893397679810582,-2.4081696170807274,-0.3324150267985827
1.0279436883221922,0.3626741955016169,-0.5776210062781741,3.4320659235040676,1.4638270334020846
-1.6527485346598774,-0.8529104443611313,-1.1501709946575867,-0.4051433911205553,0.9503445932428667
0.2842827714867931,-0.3697115397049552,0.34817763208223673,0.11393096382209517,0.547537364122494
1.3578640001967093,0.6647734784797522,-0.19386005891281635,1.8866245492068803,-0.3298729883823977
-0.2661632950707127,0.7302478038661202,-0.5722679959713823,-0.21137745868339963,-1.2477299634501895
-0.2535944098047793,-0.5544850400608424,0.5904589977613965,-2.7187375348245206,-1.3201990871975025
-0.364486881388534,-0.06685359704704634,1.996613775247507,-1.4642603143136377,0.9636939393694499
0.31125881617169776,0.7254623913990392,1.540944414308258,-1.6255347564410327,-1.1213115497035118
1.419531526089196,1.3515455036905446,2.0869472934945144,0.17503998488348882,-0.5090897514017373
-0.9203419371056998,0.34586515979805194,0.5798245795077437,-1.5436778238513384,-0.38937646703594686
0.09873932082863342,-1.126161782906966,0.4928141725933368,-1.3695627644119743,0.15067387025969495
0.4273373636720491,0.26072113085037313,1.6923303165469947,0.16006511140517876,1.1643369334297513
1.6422772839553301,0.47574718314269715,-1.4478610614974305,3.2329418638081733,-0.3329436647872847
-0.3217922412285706,-0.5894061276844522,0.5734535817873117,-1.3694706472387275,0.11518130346160683
1.6681513892976045,0.037194289864016336,0.7075605415298026,-0.05034217314996303,-1.0481273107817812
0.12163202265897628,-0.5315071652988129,-1.5624042850142843,0.5467957844227456,-0.6057333579517021
0.16062297128801492,-0.1293725805715124,-1.7472461615397066,3.197250361179553,1.4187538089233438
-1.418976157348555,1.2854242907412567,1.171741547624343,-1.748128906061639,-0.4428354918299978
-0.44910229660990214,0.16786473637837543,-0.8926702914087741,0.17823248654527352,-0.4332002446319739
0.888839389392226,-1.456617475537671,2.206042762344392,-1.938819560945559,0.8350012875442784
-1.5295024480750856,-0.8740341066650391,-1.8190692580914398,-1.6257448188315455,-1.0412775221828605
0.7625063407836681,0.1600845329352026,1.1332252209356124,1.1911765650179555,1.4018109122346973
-0.6704020706165544,-0.17171170638405217,-1.1442621052408986,-0.7916491082955155,-1.0937974365358074
-0.03245282062911101,0.41032911739336914,1.9491518743291962,-0.1956049379171907,1.3756706396477474
-0.41472545583055775,1.1799810506801598,0.2874515476109935,-0.06679522458097958,-0.5445992718195881
0.8981124139969499,0.5566440987913936,1.4484943500898608,0.6960396802307416,0.6897775175322589
1.149373581987124,0.6109069192320717,-0.45051201213983827,3.2610403838434774,1.0502478704844431
1.7633842527894084,-1.133864326460634,1.602503885190169,-0.038714079065186535,0.9342698797962081
-0.7412244177339035,-0.08806726433599496,-1.824977648129914,-0.07774937175684393,-1.0734353378168595
-1.3375770493027093,0.27198198090578013,2.1068120209079657,-5.006525507011526,-1.834118417706631
-0.6720515419460712,-0.9040615613573327,-0.5714799774966118,-0.8989928553885589,0.10564027041823336
0.704005764469632,-2.634743424099415,-0.800350814853127,-2.161222359378407,-1.0308355146017512
0.8893536137955632,0.10390737221238595,0.06108005132850022,-0.9639634723145916,-1.8961444069940405
-0.6874603110979755,-0.3409410776616039,-0.752907172979183,1.4567490758032653,1.7322432915836616
-1.3726779180425805,-0.37427133517486477,0.5677647872033533,-3.049185993193229,-0.7344719527724305
-0.8575502747237554,1.0763974763691522,-0.5362903571230769,1.3617580384619745,0.6066204796935009
0.15102942547608117,0.28315236592050985,0.29509172117634086,1.5856567317885022,1.446566661568252
0.6721222147943587,-2.015735207232452,0.9116545867427074,-2.946669190166636,-0.6914016109858357
-0.6061468390289007,0.3324902381699735,-0.5413706463077196,1.222862782110644,0.9551487366618515
0.7480955952479733,-0.7522554841631099,-0.6017695347722362,1.2697516836371214,0.6721420377800218
0.6176065286220158,0.5194980944386265,0.0011213891106004418,0.7808675831907772,-0.3551156507592648
0.9825911664585804,1.9324952089134873,-0.04127677701597711,2.716260903836541,-0.24010224855150403
-0.7477847857749184,0.8064680529502016,-0.9114534327231439,1.2026094707972588,0.23247277089883145
-0.7722325241426917,0.5254819784328874,0.7057322493347734,-0.4274623933696676,0.5250204016749102
-1.0063080657318415,0.40416361896164976,-0.44099750883737143,-0.17339684297661306,-0.012249905043792766
0.45567004727563526,-0.3095978392749734,-0.7833845446745755,0.4450538422394161,-0.48440291043582123
0.6582261562069092,1.191124847463989,-0.09162445584615717,2.7021005544041437,0.7611250948870882
0.7561283037269083,0.12586402285196108,-1.1317666520505074,1.7067576126704829,-0.3070013659588938
-1.9401806317277426,-1.2967685046636086,-0.9359405928203504,-2.5168564275167253,-0.21584788394572443
-0.5878537798755443,0.3095815171806142,0.5928266906597298,-1.6219930200886503,-0.7508940667339904
0.2635210058152175,0.5961395145466054,0.6635243757171407,0.4794890433197839,0.2833528986751018
0.9411540254975526,1.9893813036060655,-1.1480090139979686,3.957642982964781,-0.12090136013680611
0.32042192938998537,0.7463646378193265,0.1425806054170783,1.6272029024920933,0.7029969406998596
0.745142744462867,2.1243563465673416,2.6571063600468725,-0.10620602592685191,-0.3185987569101879
-0.8402774964715473,-0.9586715008285597,1.039281452644339,-2.605615653784056,0.23261479616038977
